{"stats":{"minecraft:custom":{"minecraft:interact_with_furnace":40,"minecraft:mob_kills":7,"minecraft:interact_with_crafting_table":18,"minecraft:leave_game":2,"minecraft:time_since_death":1241,"minecraft:climb_one_cm":4929,"minecraft:time_since_rest":1265,"minecraft:sprint_one_cm":194897,"minecraft:damage_taken":4732,"minecraft:walk_one_cm":308053,"minecraft:drop":14,"minecraft:damage_dealt":1690,"minecraft:fly_one_cm":206724,"minecraft:player_kills":1,"minecraft:open_chest":8,"minecraft:crouch_one_cm":624,"minecraft:play_time":107170,"minecraft:deaths":14,"minecraft:sneak_time":399,"minecraft:walk_under_water_one_cm":63,"minecraft:jump":1894,"minecraft:walk_on_water_one_cm":3318,"minecraft:total_world_time":107170,"minecraft:fall_one_cm":42824},"minecraft:dropped":{"minecraft:iron_sword":1,"minecraft:golden_helmet":1,"minecraft:cooked_porkchop":6,"minecraft:raw_iron":10,"ironfurnaces:iron_furnace":1,"minecraft:chest":1,"minecraft:stone_pickaxe":1,"minecraft:iron_pickaxe":1,"minecraft:gold_ingot":21},"minecraft:picked_up":{"minecraft:cocoa_beans":6,"minecraft:crafting_table":2,"minecraft:feather":1,"minecraft:chicken":2,"minecraft:crimson_stem":9,"minecraft:brown_wool":1,"minecraft:flint":2,"minecraft:oak_log":3,"minecraft:shield":1,"minecraft:nether_wart_block":20,"minecraft:dirt":76,"minecraft:flint_and_steel":1,"minecraft:bone":2,"minecraft:wheat_seeds":2,"minecraft:gold_nugget":26,"minecraft:cobbled_deepslate":40,"minecraft:raw_gold":15,"minecraft:iron_ingot":35,"minecraft:iron_pickaxe":1,"minecraft:melon_slice":9,"minecraft:chest":1,"minecraft:iron_sword":1,"ironfurnaces:iron_furnace":2,"minecraft:furnace":2,"minecraft:golden_helmet":1,"minecraft:stick":12,"minecraft:raw_iron":21,"minecraft:torch":12,"minecraft:gravel":22,"minecraft:porkchop":7,"minecraft:diorite":7,"minecraft:redstone":29,"minecraft:dark_oak_log":6,"minecraft:weeping_vines":1,"minecraft:rotten_flesh":1,"minecraft:diamond":6,"minecraft:nether_bricks":8,"minecraft:gold_ingot":6,"minecraft:crimson_roots":2,"minecraft:black_wool":1,"minecraft:mutton":6,"minecraft:coal":148,"minecraft:rail":1,"minecraft:white_wool":1,"minecraft:cobblestone":221},"minecraft:mined":{"minecraft:nether_gold_ore":6,"minecraft:deepslate_redstone_ore":2,"minecraft:diamond_ore":6,"minecraft:dark_oak_leaves":1,"minecraft:jungle_leaves":2,"minecraft:dark_oak_log":6,"minecraft:crafting_table":2,"minecraft:torch":2,"minecraft:grass_block":8,"minecraft:melon":2,"minecraft:crimson_roots":2,"minecraft:tall_grass":21,"minecraft:cobblestone":5,"minecraft:diorite":6,"minecraft:wall_torch":6,"minecraft:crimson_stem":9,"minecraft:weeping_vines_plant":1,"minecraft:redstone_ore":4,"minecraft:furnace":1,"minecraft:nether_wart_block":21,"minecraft:iron_ore":21,"minecraft:fire":1,"minecraft:grass":40,"minecraft:coal_ore":107,"minecraft:oak_log":3,"minecraft:cocoa":4,"minecraft:gravel":24,"minecraft:dirt":52,"minecraft:stone":186,"minecraft:gold_ore":15,"minecraft:oak_leaves":3,"minecraft:deepslate":40},"minecraft:crafted":{"minecraft:crimson_planks":12,"minecraft:cooked_porkchop":13,"minecraft:iron_helmet":1,"minecraft:iron_sword":1,"minecraft:furnace":5,"minecraft:stone_axe":1,"minecraft:iron_boots":1,"minecraft:iron_chestplate":1,"minecraft:stick":12,"minecraft:iron_pickaxe":1,"minecraft:stone_pickaxe":5,"minecraft:stone_sword":1,"minecraft:iron_leggings":1,"minecraft:gold_ingot":15,"minecraft:dark_oak_planks":24,"minecraft:golden_helmet":1},"minecraft:broken":{"minecraft:stone_pickaxe":2},"minecraft:killed_by":{"minecraft:piglin":4,"minecraft:wither_skeleton":2,"minecraft:hoglin":2,"minecraft:skeleton":1,"minecraft:creeper":1},"minecraft:used":{"minecraft:diorite":2,"minecraft:stone_sword":23,"minecraft:stone_pickaxe":385,"minecraft:iron_sword":36,"minecraft:rotten_flesh":1,"minecraft:torch":11,"minecraft:crafting_table":2,"minecraft:bread":3,"minecraft:iron_pickaxe":64,"minecraft:crimson_planks":3,"minecraft:gravel":22,"minecraft:golden_helmet":1,"minecraft:nether_wart_block":8,"ironfurnaces:iron_furnace":1,"minecraft:cobblestone":53,"minecraft:cooked_porkchop":6,"minecraft:furnace":6,"minecraft:porkchop":2},"minecraft:killed":{"minecraft:hoglin":1,"minecraft:sheep":2,"minecraft:horse":1,"minecraft:zombie":1,"minecraft:chicken":2,"minecraft:wither_skeleton":1}},"DataVersion":2730}