{"stats":{"minecraft:broken":{"minecraft:iron_shovel":1,"vanillaplustools:iron_hammer":2,"securitycraft:universal_block_reinforcer_lvl1":1,"minecraft:iron_pickaxe":7},"minecraft:used":{"minecraft:iron_shovel":250,"minecraft:ladder":3,"trashcans:item_trash_can":1,"minecraft:chest":1,"minecraft:shield":36,"minecraft:iron_sword":286,"minecraft:rotten_flesh":47,"minecraft:iron_chestplate":2,"securitycraft:keypad_item":2,"minecraft:nether_bricks":5,"ironchest:iron_chest":5,"minecraft:axolotl_bucket":9,"minecraft:obsidian":10,"vanillaplustools:iron_shovel":21,"minecraft:glass":1,"minecraft:iron_helmet":2,"ironfurnaces:iron_furnace":6,"minecraft:cooked_cod":5,"ironchest:obsidian_chest":3,"minecraft:furnace":21,"minecraft:egg":5,"minecraft:diorite":25,"minecraft:stone_pickaxe":124,"minecraft:wooden_pickaxe":19,"securitycraft:keypad_frame":2,"minecraft:sugar_cane":13,"securitycraft:universal_block_remover":59,"minecraft:bread":2,"minecraft:melon_slice":2,"minecraft:gravel":16,"minecraft:golden_helmet":1,"minecraft:nether_wart_block":2,"minecraft:wooden_sword":5,"securitycraft:reinforced_cobbled_deepslate":378,"minecraft:andesite":44,"securitycraft:briefcase":2,"ironfurnaces:gold_furnace":1,"minecraft:enchanting_table":1,"minecraft:stone_sword":35,"minecraft:flint_and_steel":2,"minecraft:tropical_fish":2,"securitycraft:keypad_door_item":5,"minecraft:cooked_chicken":4,"minecraft:torch":523,"minecraft:dirt":35,"ironchest:diamond_chest":2,"minecraft:white_carpet":1,"minecraft:hopper":1,"ironfurnaces:diamond_furnace":1,"minecraft:granite":58,"minecraft:wooden_axe":24,"minecraft:iron_boots":2,"ironchest:gold_chest":2,"minecraft:cooked_beef":19,"minecraft:cobbled_deepslate":29,"minecraft:iron_leggings":2,"minecraft:cooked_mutton":4,"minecraft:water_bucket":39,"minecraft:crafting_table":11,"minecraft:spider_eye":2,"minecraft:diamond_pickaxe":397,"minecraft:iron_pickaxe":2456,"minecraft:stone_axe":68,"minecraft:cobblestone":943,"vanillaplustools:iron_hammer":651,"minecraft:porkchop":5,"minecraft:cooked_porkchop":20,"minecraft:bucket":50},"minecraft:mined":{"minecraft:jungle_leaves":1,"minecraft:obsidian":30,"minecraft:granite":242,"minecraft:grass_block":37,"minecraft:hopper":1,"ironfurnaces:gold_furnace":1,"minecraft:iron_ore":532,"minecraft:cobbled_deepslate":2,"minecraft:fire":1,"ironchest:gold_chest":2,"minecraft:deepslate_lapis_ore":8,"minecraft:enchanting_table":1,"minecraft:deepslate_redstone_ore":82,"ironfurnaces:iron_furnace":4,"minecraft:torch":21,"minecraft:melon":2,"minecraft:chest":8,"minecraft:glass":1,"minecraft:cobblestone":88,"minecraft:sugar_cane":14,"minecraft:wall_torch":17,"minecraft:nether_wart_block":2,"ironchest:diamond_chest":1,"ironchest:obsidian_chest":1,"minecraft:grass":14,"minecraft:oak_log":12,"minecraft:sand":36,"minecraft:dirt":253,"minecraft:oak_leaves":2,"minecraft:deepslate":1494,"minecraft:diamond_ore":34,"minecraft:tuff":21,"minecraft:mossy_cobblestone":3,"minecraft:deepslate_diamond_ore":6,"minecraft:dark_oak_log":67,"minecraft:nether_bricks":87,"minecraft:crimson_roots":1,"minecraft:redstone_ore":147,"minecraft:furnace":14,"minecraft:andesite":361,"minecraft:deepslate_iron_ore":76,"minecraft:rail":2,"ironchest:iron_chest":3,"minecraft:stone":4223,"minecraft:crafting_table":8,"minecraft:tall_grass":3,"minecraft:copper_ore":4,"minecraft:deepslate_coal_ore":37,"minecraft:lapis_ore":28,"minecraft:deepslate_gold_ore":11,"minecraft:diorite":247,"minecraft:coal_ore":722,"minecraft:cocoa":1,"minecraft:gravel":156,"minecraft:gold_ore":42,"minecraft:fern":3},"minecraft:crafted":{"minecraft:oak_planks":16,"minecraft:cooked_chicken":3,"ironfurnaces:iron_furnace":4,"minecraft:stone":0,"securitycraft:keypad_item":2,"ironfurnaces:diamond_furnace":1,"minecraft:heavy_weighted_pressure_plate":2,"minecraft:cooked_mutton":2,"securitycraft:laser_block":2,"minecraft:glass":20,"minecraft:hopper":1,"vanillaplustools:iron_hammer":3,"minecraft:iron_boots":2,"minecraft:chest":2,"minecraft:iron_door":3,"securitycraft:keypad_door_item":2,"minecraft:cooked_porkchop":14,"minecraft:crafting_table":3,"minecraft:iron_helmet":2,"minecraft:wooden_pickaxe":1,"minecraft:gold_block":1,"ironchest:diamond_chest":3,"minecraft:iron_chestplate":2,"minecraft:book":1,"minecraft:paper":3,"minecraft:diamond_pickaxe":1,"minecraft:shield":4,"minecraft:stick":332,"minecraft:iron_ingot":235,"minecraft:iron_pickaxe":38,"minecraft:iron_block":34,"minecraft:stone_sword":1,"minecraft:gold_ingot":15,"minecraft:shears":1,"securitycraft:universal_block_reinforcer_lvl1":2,"minecraft:wooden_sword":1,"ironfurnaces:gold_furnace":1,"vanillaplustools:iron_shovel":1,"minecraft:furnace":11,"minecraft:stone_button":16,"securitycraft:keypad_frame":2,"minecraft:white_carpet":3,"minecraft:glass_pane":16,"minecraft:flint_and_steel":2,"minecraft:ladder":3,"securitycraft:universal_block_remover":1,"minecraft:stone_pickaxe":1,"minecraft:redstone_block":106,"trashcans:item_trash_can":1,"minecraft:dark_oak_planks":196,"minecraft:golden_helmet":1,"minecraft:cooked_beef":0,"minecraft:coal_block":47,"minecraft:cooked_cod":0,"ironchest:gold_chest":3,"minecraft:enchanting_table":1,"minecraft:iron_sword":2,"minecraft:polished_granite":4,"minecraft:bucket":2,"minecraft:stone_axe":1,"minecraft:air":0,"securitycraft:door_indestructible_iron_item":2,"minecraft:white_wool":2,"ironchest:obsidian_chest":2,"minecraft:wooden_axe":1,"minecraft:iron_shovel":10,"minecraft:iron_leggings":2,"minecraft:torch":752,"minecraft:lapis_block":23,"ironchest:iron_chest":5},"minecraft:killed":{"minecraft:zombified_piglin":2,"minecraft:witch":1,"minecraft:spider":8,"minecraft:cod":18,"minecraft:skeleton":21,"minecraft:chicken":4,"minecraft:tropical_fish":2,"minecraft:pig":6,"minecraft:zombie_villager":1,"minecraft:creeper":2,"minecraft:sheep":5,"minecraft:zombie":14,"minecraft:cow":2,"minecraft:blaze":2,"minecraft:horse":1,"minecraft:bat":1,"minecraft:hoglin":5},"minecraft:dropped":{"minecraft:iron_sword":3,"minecraft:lapis_lazuli":47,"minecraft:cooked_beef":9,"minecraft:oak_log":4,"minecraft:glow_ink_sac":2,"minecraft:crafting_table":1,"minecraft:leather":9,"minecraft:rail":33,"minecraft:dirt":309,"minecraft:wooden_sword":1,"minecraft:sand":4,"minecraft:iron_pickaxe":5,"minecraft:white_wool":2,"minecraft:gold_ingot":8,"minecraft:bone":26,"magistuarmory:rustedchainmail_leggings":1,"minecraft:gravel":53,"minecraft:stone_axe":1,"minecraft:sugar_cane":4,"minecraft:iron_nugget":10,"minecraft:cobbled_deepslate":44,"minecraft:rotten_flesh":53,"securitycraft:taser":1,"minecraft:gunpowder":2,"minecraft:melon_seeds":6,"securitycraft:reinforced_cobbled_deepslate":7,"minecraft:arrow":34,"minecraft:glass":19,"magistuarmory:rustedchainmail_boots":1,"minecraft:egg":16,"minecraft:iron_ingot":70,"minecraft:wheat_seeds":5,"minecraft:golden_helmet":1,"minecraft:feather":10,"minecraft:cobblestone":318,"minecraft:granite":63,"minecraft:golden_apple":2,"minecraft:coal":171,"minecraft:stick":24,"minecraft:diorite":47,"minecraft:torch":18,"minecraft:wooden_axe":1,"minecraft:string":2,"minecraft:redstone":256,"minecraft:stone_sword":2,"minecraft:tuff":23,"minecraft:raw_iron":10,"magistuarmory:rustedhalfarmor_chestplate":1,"minecraft:glass_pane":30,"minecraft:flint_and_steel":1,"securitycraft:universal_block_remover":2,"minecraft:shield":1,"minecraft:diamond_pickaxe":1,"minecraft:andesite":1,"securitycraft:briefcase":1,"minecraft:bow":2,"minecraft:stone_pickaxe":5,"securitycraft:universal_block_reinforcer_lvl1":2},"minecraft:custom":{"minecraft:interact_with_crafting_table":128,"minecraft:leave_game":5,"minecraft:time_since_death":172802,"minecraft:sprint_one_cm":1557931,"minecraft:damage_blocked_by_shield":2375,"minecraft:drop":157,"minecraft:play_time":537660,"minecraft:deaths":22,"minecraft:jump":6448,"minecraft:walk_on_water_one_cm":125178,"minecraft:interact_with_furnace":224,"minecraft:sleep_in_bed":8,"minecraft:damage_dealt":16003,"minecraft:crouch_one_cm":10063,"minecraft:horse_one_cm":227716,"minecraft:mob_kills":102,"minecraft:damage_dealt_resisted":71,"minecraft:climb_one_cm":9839,"minecraft:walk_one_cm":1505031,"minecraft:sneak_time":5541,"minecraft:walk_under_water_one_cm":65569,"minecraft:total_world_time":537660,"minecraft:time_since_rest":3466,"minecraft:damage_taken":9462,"minecraft:swim_one_cm":50447,"minecraft:fly_one_cm":808499,"minecraft:open_chest":331,"minecraft:fall_one_cm":107344},"minecraft:picked_up":{"minecraft:wheat":2,"securitycraft:taser":1,"minecraft:music_disc_cat":4,"minecraft:string":57,"minecraft:raw_copper":7,"minecraft:gold_nugget":2,"minecraft:cobbled_deepslate":1524,"minecraft:bucket":2,"minecraft:iron_pickaxe":7,"minecraft:melon_slice":8,"minecraft:furnace":13,"minecraft:golden_helmet":1,"minecraft:stick":3,"ironchest:obsidian_chest":1,"minecraft:torch":234,"minecraft:porkchop":29,"ironchest:gold_chest":2,"minecraft:diorite":307,"ironchest:diamond_chest":1,"minecraft:stone_sword":3,"minecraft:rotten_flesh":110,"minecraft:tropical_fish":2,"securitycraft:reinforced_cobbled_deepslate":664,"apples:itemapplechain":2,"minecraft:blaze_rod":1,"minecraft:obsidian":38,"minecraft:cod":18,"minecraft:cobblestone":4727,"minecraft:enchanting_table":1,"magistuarmory:rustedchainmail_boots":1,"minecraft:feather":10,"minecraft:cooked_beef":18,"minecraft:iron_door":2,"minecraft:andesite":361,"minecraft:flint":24,"minecraft:tuff":62,"minecraft:lapis_lazuli":360,"minecraft:dirt":849,"minecraft:name_tag":4,"minecraft:bone":98,"minecraft:glass":38,"minecraft:bow":2,"minecraft:wheat_seeds":7,"minecraft:raw_gold":53,"minecraft:oak_planks":4,"ironfurnaces:iron_furnace":3,"minecraft:cooked_porkchop":6,"minecraft:music_disc_13":2,"minecraft:sand":47,"minecraft:dark_oak_log":67,"minecraft:mossy_cobblestone":3,"securitycraft:universal_block_remover":3,"minecraft:diamond":46,"minecraft:granite":277,"minecraft:bone_meal":1,"minecraft:golden_apple":6,"minecraft:golden_horse_armor":1,"minecraft:bread":2,"minecraft:diamond_pickaxe":2,"minecraft:cocoa_beans":3,"minecraft:crafting_table":9,"minecraft:chicken":4,"minecraft:diamond_horse_armor":3,"apples:itemapplewitch":2,"minecraft:flint_and_steel":2,"minecraft:white_carpet":1,"minecraft:glass_pane":60,"minecraft:beef":5,"minecraft:iron_nugget":20,"minecraft:sugar_cane":33,"minecraft:chest":11,"minecraft:egg":29,"minecraft:raw_iron":639,"ironchest:iron_chest":3,"minecraft:redstone":1730,"apples:itemapplecursed":2,"securitycraft:briefcase":1,"minecraft:iron_horse_armor":2,"minecraft:arrow":67,"minecraft:nether_bricks":76,"minecraft:beetroot_seeds":8,"ironfurnaces:gold_furnace":1,"minecraft:saddle":6,"minecraft:gold_ingot":47,"minecraft:mutton":8,"securitycraft:keypad_door_item":3,"minecraft:white_wool":5,"minecraft:rail":57,"magistuarmory:rustedhalfarmor_chestplate":1,"minecraft:glow_ink_sac":4,"minecraft:leather":31,"minecraft:oak_log":20,"minecraft:nether_wart_block":2,"minecraft:gunpowder":47,"apples:itemapplesteve":4,"minecraft:iron_ingot":48,"minecraft:stone_pickaxe":8,"securitycraft:universal_block_reinforcer_lvl1":4,"minecraft:iron_sword":3,"minecraft:gravel":234,"magistuarmory:rustedchainmail_leggings":2,"minecraft:spider_eye":6,"minecraft:stone_axe":3,"securitycraft:keypad":2,"minecraft:melon_seeds":12,"minecraft:hopper":1,"minecraft:coal":1571},"minecraft:killed_by":{"minecraft:zombified_piglin":1,"minecraft:wither_skeleton":4,"minecraft:piglin":2,"minecraft:blaze":1,"minecraft:zombie":3,"minecraft:spider":1,"minecraft:hoglin":4,"minecraft:skeleton":5,"mowziesmobs:foliaath":1}},"DataVersion":2730}