{"stats":{"minecraft:broken":{"minecraft:iron_pickaxe":3},"minecraft:used":{"minecraft:stone_sword":35,"minecraft:iron_shovel":80,"minecraft:flint_and_steel":2,"minecraft:ladder":3,"minecraft:shield":19,"minecraft:iron_sword":149,"securitycraft:keypad_door_item":5,"minecraft:cooked_chicken":3,"minecraft:rotten_flesh":2,"minecraft:iron_chestplate":2,"minecraft:torch":176,"minecraft:dirt":34,"securitycraft:keypad_item":2,"minecraft:nether_bricks":5,"ironchest:iron_chest":1,"minecraft:granite":4,"minecraft:obsidian":10,"minecraft:wooden_axe":24,"minecraft:iron_helmet":1,"minecraft:iron_boots":1,"ironfurnaces:iron_furnace":4,"minecraft:furnace":17,"ironchest:gold_chest":1,"minecraft:cooked_beef":8,"minecraft:cobbled_deepslate":5,"minecraft:iron_leggings":1,"minecraft:cooked_mutton":4,"minecraft:water_bucket":6,"minecraft:diorite":20,"minecraft:stone_pickaxe":124,"minecraft:wooden_pickaxe":19,"securitycraft:keypad_frame":2,"minecraft:crafting_table":8,"securitycraft:universal_block_remover":45,"minecraft:diamond_pickaxe":17,"minecraft:melon_slice":2,"minecraft:iron_pickaxe":1249,"minecraft:gravel":16,"minecraft:golden_helmet":1,"minecraft:stone_axe":18,"minecraft:nether_wart_block":2,"minecraft:wooden_sword":5,"minecraft:cobblestone":194,"securitycraft:reinforced_cobbled_deepslate":322,"minecraft:porkchop":5,"minecraft:cooked_porkchop":20,"minecraft:andesite":2,"minecraft:bucket":7,"securitycraft:briefcase":2},"minecraft:mined":{"minecraft:diamond_ore":6,"minecraft:jungle_leaves":1,"minecraft:dark_oak_log":25,"minecraft:obsidian":14,"minecraft:nether_bricks":87,"minecraft:granite":30,"minecraft:grass_block":24,"minecraft:crimson_roots":1,"minecraft:redstone_ore":9,"minecraft:furnace":10,"minecraft:iron_ore":165,"minecraft:cobbled_deepslate":2,"minecraft:fire":1,"minecraft:andesite":3,"minecraft:deepslate_iron_ore":14,"minecraft:rail":2,"ironchest:iron_chest":1,"minecraft:stone":399,"minecraft:deepslate_redstone_ore":10,"ironfurnaces:iron_furnace":2,"minecraft:crafting_table":6,"minecraft:torch":10,"minecraft:melon":2,"minecraft:chest":1,"minecraft:tall_grass":3,"minecraft:cobblestone":58,"minecraft:deepslate_coal_ore":10,"minecraft:lapis_ore":3,"minecraft:sugar_cane":4,"minecraft:diorite":23,"minecraft:wall_torch":12,"minecraft:nether_wart_block":2,"minecraft:grass":13,"minecraft:oak_log":12,"minecraft:coal_ore":329,"minecraft:cocoa":1,"minecraft:sand":9,"minecraft:gravel":43,"minecraft:dirt":91,"minecraft:gold_ore":6,"minecraft:oak_leaves":2,"minecraft:deepslate":222,"minecraft:fern":3},"minecraft:crafted":{"minecraft:wooden_sword":1,"minecraft:oak_planks":8,"minecraft:cooked_chicken":3,"minecraft:furnace":10,"minecraft:stone_button":16,"ironfurnaces:iron_furnace":3,"minecraft:stone":0,"securitycraft:keypad_item":2,"securitycraft:keypad_frame":2,"minecraft:heavy_weighted_pressure_plate":2,"minecraft:cooked_mutton":2,"minecraft:flint_and_steel":2,"minecraft:glass_pane":16,"securitycraft:laser_block":1,"minecraft:glass":4,"minecraft:iron_boots":1,"minecraft:ladder":3,"securitycraft:universal_block_remover":1,"minecraft:stone_pickaxe":1,"minecraft:iron_door":3,"minecraft:redstone_block":1,"minecraft:dark_oak_planks":100,"securitycraft:keypad_door_item":2,"minecraft:golden_helmet":1,"minecraft:cooked_beef":0,"ironchest:gold_chest":1,"minecraft:cooked_porkchop":14,"minecraft:crafting_table":2,"minecraft:wooden_pickaxe":1,"minecraft:iron_helmet":1,"minecraft:iron_sword":2,"minecraft:bucket":1,"minecraft:stone_axe":1,"minecraft:air":0,"securitycraft:door_indestructible_iron_item":2,"minecraft:iron_chestplate":2,"minecraft:diamond_pickaxe":1,"minecraft:shield":4,"minecraft:stick":160,"minecraft:iron_ingot":62,"minecraft:iron_pickaxe":6,"minecraft:wooden_axe":1,"minecraft:stone_sword":1,"minecraft:iron_shovel":1,"minecraft:iron_leggings":1,"minecraft:torch":424,"minecraft:shears":1,"securitycraft:universal_block_reinforcer_lvl1":1,"ironchest:iron_chest":1},"minecraft:killed":{"minecraft:witch":1,"minecraft:spider":3,"minecraft:skeleton":12,"minecraft:chicken":3,"minecraft:pig":6,"minecraft:zombie_villager":1,"minecraft:hoglin":5,"minecraft:sheep":5,"minecraft:zombie":9,"minecraft:cow":1,"minecraft:blaze":2},"minecraft:dropped":{"minecraft:iron_ingot":64,"minecraft:iron_sword":2,"minecraft:wheat_seeds":4,"minecraft:golden_helmet":1,"minecraft:crafting_table":1,"minecraft:feather":9,"minecraft:cobblestone":20,"minecraft:granite":28,"minecraft:rail":21,"minecraft:stick":21,"minecraft:dirt":15,"minecraft:diorite":11,"minecraft:wooden_axe":1,"minecraft:wooden_sword":1,"minecraft:iron_pickaxe":3,"minecraft:white_wool":2,"minecraft:sugar_cane":1,"minecraft:stone_sword":1,"minecraft:cobbled_deepslate":27,"minecraft:raw_iron":10,"minecraft:rotten_flesh":34,"securitycraft:taser":1,"minecraft:flint_and_steel":1,"securitycraft:universal_block_remover":1,"minecraft:shield":1,"minecraft:andesite":1,"securitycraft:briefcase":1,"minecraft:arrow":23,"minecraft:bow":2,"minecraft:stone_pickaxe":2,"securitycraft:universal_block_reinforcer_lvl1":1,"minecraft:egg":8},"minecraft:custom":{"minecraft:mob_kills":53,"minecraft:interact_with_crafting_table":65,"minecraft:leave_game":3,"minecraft:time_since_death":85633,"minecraft:climb_one_cm":6060,"minecraft:sprint_one_cm":772999,"minecraft:walk_one_cm":657408,"minecraft:damage_blocked_by_shield":1520,"minecraft:drop":63,"minecraft:play_time":244073,"minecraft:sneak_time":3026,"minecraft:deaths":18,"minecraft:walk_under_water_one_cm":3706,"minecraft:jump":4183,"minecraft:walk_on_water_one_cm":28460,"minecraft:total_world_time":244073,"minecraft:interact_with_furnace":96,"minecraft:sleep_in_bed":2,"minecraft:time_since_rest":827,"minecraft:damage_taken":7087,"minecraft:damage_dealt":10256,"minecraft:swim_one_cm":2989,"minecraft:fly_one_cm":566121,"minecraft:open_chest":76,"minecraft:crouch_one_cm":6405,"minecraft:fall_one_cm":82916},"minecraft:picked_up":{"minecraft:cocoa_beans":3,"minecraft:crafting_table":7,"minecraft:chicken":3,"securitycraft:taser":1,"minecraft:string":1,"minecraft:cobbled_deepslate":239,"minecraft:beef":3,"minecraft:iron_pickaxe":3,"minecraft:melon_slice":8,"minecraft:sugar_cane":11,"minecraft:chest":1,"minecraft:furnace":9,"minecraft:egg":12,"minecraft:golden_helmet":1,"minecraft:raw_iron":194,"minecraft:torch":27,"ironchest:iron_chest":1,"minecraft:porkchop":29,"minecraft:diorite":32,"minecraft:redstone":88,"securitycraft:briefcase":1,"minecraft:arrow":30,"minecraft:rotten_flesh":36,"minecraft:nether_bricks":76,"securitycraft:reinforced_cobbled_deepslate":329,"minecraft:gold_ingot":21,"minecraft:blaze_rod":1,"minecraft:obsidian":14,"minecraft:mutton":8,"securitycraft:keypad_door_item":3,"minecraft:rail":21,"minecraft:white_wool":5,"minecraft:cobblestone":462,"minecraft:feather":9,"minecraft:andesite":3,"minecraft:leather":3,"minecraft:flint":4,"minecraft:oak_log":12,"minecraft:nether_wart_block":2,"minecraft:gunpowder":3,"minecraft:lapis_lazuli":17,"minecraft:dirt":138,"minecraft:bone":11,"minecraft:bow":2,"minecraft:wheat_seeds":4,"minecraft:raw_gold":6,"minecraft:stone_pickaxe":1,"minecraft:iron_ingot":32,"securitycraft:universal_block_reinforcer_lvl1":1,"minecraft:iron_sword":2,"ironfurnaces:iron_furnace":1,"minecraft:cooked_porkchop":6,"minecraft:gravel":40,"minecraft:sand":8,"minecraft:dark_oak_log":25,"minecraft:spider_eye":1,"minecraft:diamond":6,"minecraft:granite":48,"securitycraft:keypad":2,"minecraft:coal":504},"minecraft:killed_by":{"minecraft:wither_skeleton":4,"minecraft:piglin":2,"minecraft:hoglin":4,"minecraft:skeleton":3,"minecraft:blaze":1,"minecraft:zombie":3,"mowziesmobs:foliaath":1}},"DataVersion":2730}