{"stats":{"minecraft:broken":{"minecraft:iron_pickaxe":5},"minecraft:used":{"minecraft:stone_sword":35,"minecraft:iron_shovel":115,"minecraft:flint_and_steel":2,"minecraft:ladder":3,"trashcans:item_trash_can":1,"minecraft:shield":24,"minecraft:iron_sword":176,"securitycraft:keypad_door_item":5,"minecraft:cooked_chicken":3,"minecraft:rotten_flesh":3,"minecraft:iron_chestplate":2,"minecraft:torch":233,"ironchest:diamond_chest":1,"minecraft:dirt":34,"securitycraft:keypad_item":2,"minecraft:nether_bricks":5,"ironchest:iron_chest":1,"minecraft:granite":4,"minecraft:obsidian":10,"minecraft:wooden_axe":24,"minecraft:iron_helmet":2,"minecraft:iron_boots":2,"ironfurnaces:iron_furnace":4,"ironchest:obsidian_chest":2,"minecraft:furnace":19,"ironchest:gold_chest":2,"minecraft:cooked_beef":14,"minecraft:cobbled_deepslate":5,"minecraft:iron_leggings":2,"minecraft:cooked_mutton":4,"minecraft:water_bucket":20,"minecraft:diorite":20,"minecraft:stone_pickaxe":124,"minecraft:wooden_pickaxe":19,"securitycraft:keypad_frame":2,"minecraft:sugar_cane":3,"minecraft:crafting_table":10,"securitycraft:universal_block_remover":45,"minecraft:diamond_pickaxe":31,"minecraft:melon_slice":2,"minecraft:iron_pickaxe":1881,"minecraft:gravel":16,"minecraft:golden_helmet":1,"minecraft:stone_axe":61,"minecraft:nether_wart_block":2,"vanillaplustools:iron_hammer":7,"minecraft:wooden_sword":5,"minecraft:cobblestone":228,"securitycraft:reinforced_cobbled_deepslate":322,"minecraft:porkchop":5,"minecraft:cooked_porkchop":20,"minecraft:andesite":2,"minecraft:bucket":22,"securitycraft:briefcase":2},"minecraft:mined":{"minecraft:diamond_ore":6,"minecraft:deepslate_diamond_ore":1,"minecraft:jungle_leaves":1,"minecraft:dark_oak_log":67,"minecraft:obsidian":22,"minecraft:nether_bricks":87,"minecraft:granite":32,"minecraft:grass_block":28,"minecraft:crimson_roots":1,"minecraft:redstone_ore":36,"minecraft:furnace":11,"minecraft:iron_ore":227,"minecraft:cobbled_deepslate":2,"minecraft:fire":1,"ironchest:gold_chest":2,"minecraft:andesite":17,"minecraft:deepslate_iron_ore":14,"minecraft:rail":2,"ironchest:iron_chest":1,"minecraft:stone":819,"minecraft:deepslate_redstone_ore":19,"ironfurnaces:iron_furnace":2,"minecraft:crafting_table":7,"minecraft:torch":10,"minecraft:melon":2,"minecraft:chest":1,"minecraft:tall_grass":3,"minecraft:cobblestone":66,"minecraft:deepslate_coal_ore":10,"minecraft:lapis_ore":3,"minecraft:sugar_cane":4,"minecraft:diorite":47,"minecraft:wall_torch":12,"minecraft:nether_wart_block":2,"ironchest:diamond_chest":1,"ironchest:obsidian_chest":1,"minecraft:grass":13,"minecraft:oak_log":12,"minecraft:coal_ore":382,"minecraft:cocoa":1,"minecraft:sand":36,"minecraft:gravel":46,"minecraft:dirt":96,"minecraft:gold_ore":6,"minecraft:oak_leaves":2,"minecraft:deepslate":295,"minecraft:fern":3},"minecraft:crafted":{"minecraft:wooden_sword":1,"minecraft:oak_planks":16,"minecraft:cooked_chicken":3,"minecraft:furnace":11,"minecraft:stone_button":16,"ironfurnaces:iron_furnace":3,"minecraft:stone":0,"securitycraft:keypad_item":2,"securitycraft:keypad_frame":2,"minecraft:heavy_weighted_pressure_plate":2,"minecraft:cooked_mutton":2,"minecraft:flint_and_steel":2,"minecraft:glass_pane":16,"securitycraft:laser_block":1,"minecraft:glass":20,"vanillaplustools:iron_hammer":1,"minecraft:iron_boots":2,"minecraft:ladder":3,"securitycraft:universal_block_remover":1,"minecraft:stone_pickaxe":1,"minecraft:chest":1,"minecraft:iron_door":3,"minecraft:redstone_block":1,"trashcans:item_trash_can":1,"minecraft:dark_oak_planks":116,"securitycraft:keypad_door_item":2,"minecraft:golden_helmet":1,"minecraft:cooked_beef":0,"ironchest:gold_chest":1,"minecraft:cooked_porkchop":14,"minecraft:crafting_table":3,"minecraft:wooden_pickaxe":1,"minecraft:iron_helmet":2,"minecraft:iron_sword":2,"minecraft:polished_granite":4,"minecraft:bucket":2,"minecraft:stone_axe":1,"minecraft:air":0,"ironchest:diamond_chest":1,"securitycraft:door_indestructible_iron_item":2,"minecraft:iron_chestplate":2,"minecraft:diamond_pickaxe":1,"minecraft:shield":4,"ironchest:obsidian_chest":1,"minecraft:stick":184,"minecraft:iron_ingot":98,"minecraft:iron_pickaxe":18,"minecraft:wooden_axe":1,"minecraft:stone_sword":1,"minecraft:iron_shovel":1,"minecraft:iron_leggings":2,"minecraft:torch":424,"minecraft:shears":1,"securitycraft:universal_block_reinforcer_lvl1":1,"ironchest:iron_chest":1},"minecraft:killed":{"minecraft:zombified_piglin":1,"minecraft:witch":1,"minecraft:spider":3,"minecraft:skeleton":14,"minecraft:chicken":3,"minecraft:pig":6,"minecraft:zombie_villager":1,"minecraft:hoglin":5,"minecraft:sheep":5,"minecraft:zombie":11,"minecraft:cow":1,"minecraft:blaze":2},"minecraft:dropped":{"minecraft:iron_ingot":70,"minecraft:iron_sword":2,"minecraft:wheat_seeds":5,"minecraft:lapis_lazuli":47,"minecraft:golden_helmet":1,"minecraft:cooked_beef":9,"minecraft:oak_log":4,"minecraft:glow_ink_sac":2,"minecraft:crafting_table":1,"minecraft:feather":9,"minecraft:cobblestone":316,"minecraft:leather":9,"minecraft:granite":30,"minecraft:rail":33,"minecraft:golden_apple":2,"minecraft:coal":171,"minecraft:stick":22,"minecraft:dirt":272,"minecraft:diorite":37,"minecraft:torch":18,"minecraft:wooden_axe":1,"minecraft:wooden_sword":1,"minecraft:sand":4,"minecraft:iron_pickaxe":4,"minecraft:string":2,"minecraft:white_wool":2,"minecraft:gold_ingot":8,"minecraft:bone":26,"minecraft:redstone":256,"magistuarmory:rustedchainmail_leggings":1,"minecraft:gravel":53,"minecraft:stone_axe":1,"minecraft:sugar_cane":4,"minecraft:iron_nugget":10,"minecraft:stone_sword":2,"minecraft:cobbled_deepslate":27,"minecraft:tuff":18,"minecraft:raw_iron":10,"minecraft:rotten_flesh":53,"securitycraft:taser":1,"minecraft:glass_pane":30,"minecraft:flint_and_steel":1,"securitycraft:universal_block_remover":2,"minecraft:shield":1,"minecraft:gunpowder":2,"minecraft:andesite":1,"minecraft:melon_seeds":6,"securitycraft:reinforced_cobbled_deepslate":7,"securitycraft:briefcase":1,"minecraft:glass":19,"minecraft:arrow":34,"minecraft:bow":2,"minecraft:stone_pickaxe":5,"securitycraft:universal_block_reinforcer_lvl1":2,"minecraft:egg":16},"minecraft:custom":{"minecraft:mob_kills":59,"minecraft:interact_with_crafting_table":80,"minecraft:leave_game":3,"minecraft:time_since_death":47803,"minecraft:climb_one_cm":7321,"minecraft:sprint_one_cm":862101,"minecraft:walk_one_cm":802624,"minecraft:damage_blocked_by_shield":1795,"minecraft:drop":136,"minecraft:play_time":310073,"minecraft:sneak_time":3559,"minecraft:deaths":19,"minecraft:walk_under_water_one_cm":14811,"minecraft:jump":4758,"minecraft:walk_on_water_one_cm":58289,"minecraft:total_world_time":310073,"minecraft:interact_with_furnace":133,"minecraft:sleep_in_bed":4,"minecraft:time_since_rest":37728,"minecraft:damage_taken":7801,"minecraft:damage_dealt":11529,"minecraft:swim_one_cm":8016,"minecraft:fly_one_cm":620702,"minecraft:open_chest":100,"minecraft:crouch_one_cm":7052,"minecraft:fall_one_cm":91429},"minecraft:picked_up":{"minecraft:cocoa_beans":3,"minecraft:crafting_table":8,"minecraft:chicken":3,"securitycraft:taser":1,"minecraft:string":5,"minecraft:flint_and_steel":2,"minecraft:glass_pane":60,"minecraft:gold_nugget":1,"minecraft:cobbled_deepslate":314,"minecraft:beef":3,"minecraft:iron_nugget":20,"minecraft:iron_pickaxe":6,"minecraft:melon_slice":8,"minecraft:sugar_cane":20,"minecraft:chest":1,"minecraft:furnace":10,"minecraft:egg":28,"minecraft:golden_helmet":1,"minecraft:stick":3,"minecraft:raw_iron":255,"ironchest:obsidian_chest":1,"minecraft:torch":210,"ironchest:iron_chest":1,"minecraft:porkchop":29,"ironchest:gold_chest":2,"minecraft:diorite":108,"ironchest:diamond_chest":1,"minecraft:redstone":947,"securitycraft:briefcase":1,"minecraft:stone_sword":3,"minecraft:arrow":55,"minecraft:rotten_flesh":75,"minecraft:nether_bricks":76,"securitycraft:reinforced_cobbled_deepslate":350,"minecraft:gold_ingot":46,"minecraft:blaze_rod":1,"minecraft:obsidian":30,"minecraft:mutton":8,"securitycraft:keypad_door_item":3,"minecraft:rail":57,"minecraft:white_wool":5,"minecraft:cobblestone":1372,"magistuarmory:rustedhalfarmor_chestplate":1,"minecraft:feather":9,"minecraft:cooked_beef":18,"minecraft:iron_door":2,"minecraft:glow_ink_sac":4,"minecraft:andesite":17,"minecraft:leather":30,"minecraft:flint":9,"minecraft:tuff":36,"minecraft:oak_log":20,"minecraft:nether_wart_block":2,"minecraft:gunpowder":9,"minecraft:lapis_lazuli":158,"minecraft:dirt":673,"minecraft:glass":38,"minecraft:bone":64,"minecraft:bow":2,"minecraft:wheat_seeds":7,"minecraft:raw_gold":6,"minecraft:stone_pickaxe":8,"minecraft:iron_ingot":47,"securitycraft:universal_block_reinforcer_lvl1":4,"minecraft:oak_planks":4,"minecraft:iron_sword":2,"ironfurnaces:iron_furnace":1,"minecraft:cooked_porkchop":6,"minecraft:gravel":144,"minecraft:sand":47,"magistuarmory:rustedchainmail_leggings":1,"minecraft:dark_oak_log":67,"minecraft:spider_eye":5,"securitycraft:universal_block_remover":3,"minecraft:stone_axe":3,"minecraft:diamond":13,"minecraft:granite":68,"minecraft:golden_apple":4,"securitycraft:keypad":2,"minecraft:melon_seeds":12,"minecraft:coal":1129,"minecraft:diamond_pickaxe":1},"minecraft:killed_by":{"minecraft:zombified_piglin":1,"minecraft:wither_skeleton":4,"minecraft:piglin":2,"minecraft:hoglin":4,"minecraft:skeleton":3,"minecraft:blaze":1,"minecraft:zombie":3,"mowziesmobs:foliaath":1}},"DataVersion":2730}