{"stats":{"minecraft:broken":{"minecraft:iron_pickaxe":3},"minecraft:used":{"minecraft:stone_sword":35,"minecraft:iron_shovel":109,"minecraft:flint_and_steel":2,"minecraft:ladder":3,"minecraft:shield":19,"minecraft:iron_sword":149,"securitycraft:keypad_door_item":5,"minecraft:cooked_chicken":3,"minecraft:rotten_flesh":2,"minecraft:iron_chestplate":2,"minecraft:torch":177,"ironchest:diamond_chest":1,"minecraft:dirt":34,"securitycraft:keypad_item":2,"minecraft:nether_bricks":5,"ironchest:iron_chest":1,"minecraft:granite":4,"minecraft:obsidian":10,"minecraft:wooden_axe":24,"minecraft:iron_helmet":2,"minecraft:iron_boots":2,"ironfurnaces:iron_furnace":4,"minecraft:furnace":17,"ironchest:gold_chest":2,"minecraft:cooked_beef":9,"minecraft:cobbled_deepslate":5,"minecraft:iron_leggings":2,"minecraft:cooked_mutton":4,"minecraft:water_bucket":8,"minecraft:diorite":20,"minecraft:stone_pickaxe":124,"minecraft:wooden_pickaxe":19,"securitycraft:keypad_frame":2,"minecraft:crafting_table":8,"securitycraft:universal_block_remover":45,"minecraft:diamond_pickaxe":30,"minecraft:melon_slice":2,"minecraft:iron_pickaxe":1252,"minecraft:gravel":16,"minecraft:golden_helmet":1,"minecraft:stone_axe":18,"minecraft:nether_wart_block":2,"minecraft:wooden_sword":5,"minecraft:cobblestone":194,"securitycraft:reinforced_cobbled_deepslate":322,"minecraft:porkchop":5,"minecraft:cooked_porkchop":20,"minecraft:andesite":2,"minecraft:bucket":10,"securitycraft:briefcase":2},"minecraft:mined":{"minecraft:diamond_ore":6,"minecraft:jungle_leaves":1,"minecraft:dark_oak_log":25,"minecraft:obsidian":22,"minecraft:nether_bricks":87,"minecraft:granite":30,"minecraft:grass_block":24,"minecraft:crimson_roots":1,"minecraft:redstone_ore":9,"minecraft:furnace":10,"minecraft:iron_ore":165,"minecraft:cobbled_deepslate":2,"minecraft:fire":1,"ironchest:gold_chest":2,"minecraft:andesite":3,"minecraft:deepslate_iron_ore":14,"minecraft:rail":2,"ironchest:iron_chest":1,"minecraft:stone":404,"minecraft:deepslate_redstone_ore":10,"ironfurnaces:iron_furnace":2,"minecraft:crafting_table":6,"minecraft:torch":10,"minecraft:melon":2,"minecraft:chest":1,"minecraft:tall_grass":3,"minecraft:cobblestone":58,"minecraft:deepslate_coal_ore":10,"minecraft:lapis_ore":3,"minecraft:sugar_cane":4,"minecraft:diorite":23,"minecraft:wall_torch":12,"minecraft:nether_wart_block":2,"ironchest:diamond_chest":1,"minecraft:grass":13,"minecraft:oak_log":12,"minecraft:coal_ore":329,"minecraft:cocoa":1,"minecraft:sand":36,"minecraft:gravel":45,"minecraft:dirt":91,"minecraft:gold_ore":6,"minecraft:oak_leaves":2,"minecraft:deepslate":222,"minecraft:fern":3},"minecraft:crafted":{"minecraft:wooden_sword":1,"minecraft:oak_planks":8,"minecraft:cooked_chicken":3,"minecraft:furnace":10,"minecraft:stone_button":16,"ironfurnaces:iron_furnace":3,"minecraft:stone":0,"securitycraft:keypad_item":2,"securitycraft:keypad_frame":2,"minecraft:heavy_weighted_pressure_plate":2,"minecraft:cooked_mutton":2,"minecraft:flint_and_steel":2,"minecraft:glass_pane":16,"securitycraft:laser_block":1,"minecraft:glass":20,"minecraft:iron_boots":2,"minecraft:ladder":3,"securitycraft:universal_block_remover":1,"minecraft:stone_pickaxe":1,"minecraft:iron_door":3,"minecraft:redstone_block":1,"minecraft:dark_oak_planks":100,"securitycraft:keypad_door_item":2,"minecraft:golden_helmet":1,"minecraft:cooked_beef":0,"ironchest:gold_chest":1,"minecraft:cooked_porkchop":14,"minecraft:crafting_table":2,"minecraft:wooden_pickaxe":1,"minecraft:iron_helmet":2,"minecraft:iron_sword":2,"minecraft:bucket":2,"minecraft:stone_axe":1,"minecraft:air":0,"ironchest:diamond_chest":1,"securitycraft:door_indestructible_iron_item":2,"minecraft:iron_chestplate":2,"minecraft:diamond_pickaxe":1,"minecraft:shield":4,"minecraft:stick":160,"minecraft:iron_ingot":62,"minecraft:iron_pickaxe":7,"minecraft:wooden_axe":1,"minecraft:stone_sword":1,"minecraft:iron_shovel":1,"minecraft:iron_leggings":2,"minecraft:torch":424,"minecraft:shears":1,"securitycraft:universal_block_reinforcer_lvl1":1,"ironchest:iron_chest":1},"minecraft:killed":{"minecraft:witch":1,"minecraft:spider":3,"minecraft:skeleton":12,"minecraft:chicken":3,"minecraft:pig":6,"minecraft:zombie_villager":1,"minecraft:hoglin":5,"minecraft:sheep":5,"minecraft:zombie":9,"minecraft:cow":1,"minecraft:blaze":2},"minecraft:dropped":{"minecraft:iron_ingot":70,"minecraft:iron_sword":2,"minecraft:wheat_seeds":5,"minecraft:golden_helmet":1,"minecraft:cooked_beef":9,"minecraft:oak_log":2,"minecraft:glow_ink_sac":1,"minecraft:crafting_table":1,"minecraft:feather":9,"minecraft:cobblestone":148,"minecraft:granite":28,"minecraft:rail":33,"minecraft:golden_apple":1,"minecraft:coal":171,"minecraft:stick":22,"minecraft:dirt":143,"minecraft:diorite":24,"minecraft:wooden_axe":1,"minecraft:wooden_sword":1,"minecraft:sand":4,"minecraft:iron_pickaxe":3,"minecraft:string":1,"minecraft:white_wool":2,"minecraft:bone":13,"minecraft:redstone":192,"minecraft:gravel":25,"minecraft:stone_axe":1,"minecraft:sugar_cane":4,"minecraft:iron_nugget":5,"minecraft:stone_sword":2,"minecraft:cobbled_deepslate":27,"minecraft:tuff":9,"minecraft:raw_iron":10,"minecraft:rotten_flesh":43,"securitycraft:taser":1,"minecraft:glass_pane":15,"minecraft:flint_and_steel":1,"securitycraft:universal_block_remover":2,"minecraft:shield":1,"minecraft:andesite":1,"minecraft:melon_seeds":3,"securitycraft:reinforced_cobbled_deepslate":7,"securitycraft:briefcase":1,"minecraft:arrow":23,"minecraft:bow":2,"minecraft:stone_pickaxe":4,"securitycraft:universal_block_reinforcer_lvl1":1,"minecraft:egg":12},"minecraft:custom":{"minecraft:mob_kills":53,"minecraft:interact_with_crafting_table":69,"minecraft:leave_game":3,"minecraft:time_since_death":97633,"minecraft:climb_one_cm":6467,"minecraft:sprint_one_cm":799758,"minecraft:walk_one_cm":677369,"minecraft:damage_blocked_by_shield":1520,"minecraft:drop":100,"minecraft:play_time":256073,"minecraft:sneak_time":3266,"minecraft:deaths":18,"minecraft:walk_under_water_one_cm":3706,"minecraft:jump":4319,"minecraft:walk_on_water_one_cm":30063,"minecraft:total_world_time":256073,"minecraft:interact_with_furnace":120,"minecraft:sleep_in_bed":2,"minecraft:time_since_rest":12827,"minecraft:damage_taken":7087,"minecraft:damage_dealt":10256,"minecraft:swim_one_cm":2989,"minecraft:fly_one_cm":576861,"minecraft:open_chest":87,"minecraft:crouch_one_cm":6593,"minecraft:fall_one_cm":83868},"minecraft:picked_up":{"minecraft:cocoa_beans":3,"minecraft:crafting_table":7,"minecraft:chicken":3,"securitycraft:taser":1,"minecraft:string":3,"minecraft:flint_and_steel":2,"minecraft:glass_pane":30,"minecraft:cobbled_deepslate":239,"minecraft:beef":3,"minecraft:iron_nugget":10,"minecraft:iron_pickaxe":5,"minecraft:melon_slice":8,"minecraft:sugar_cane":20,"minecraft:chest":1,"minecraft:furnace":9,"minecraft:egg":20,"minecraft:golden_helmet":1,"minecraft:stick":3,"minecraft:raw_iron":194,"minecraft:torch":110,"ironchest:iron_chest":1,"minecraft:porkchop":29,"ironchest:gold_chest":2,"minecraft:diorite":58,"minecraft:redstone":657,"securitycraft:briefcase":1,"minecraft:stone_sword":3,"minecraft:arrow":37,"minecraft:rotten_flesh":54,"minecraft:nether_bricks":76,"securitycraft:reinforced_cobbled_deepslate":343,"minecraft:gold_ingot":29,"minecraft:blaze_rod":1,"minecraft:obsidian":30,"minecraft:mutton":8,"securitycraft:keypad_door_item":3,"minecraft:rail":45,"minecraft:white_wool":5,"minecraft:cobblestone":789,"minecraft:feather":9,"minecraft:cooked_beef":18,"minecraft:iron_door":2,"minecraft:glow_ink_sac":2,"minecraft:andesite":3,"minecraft:leather":12,"minecraft:flint":9,"minecraft:tuff":18,"minecraft:oak_log":16,"minecraft:nether_wart_block":2,"minecraft:gunpowder":5,"minecraft:lapis_lazuli":111,"minecraft:dirt":444,"minecraft:bone":37,"minecraft:bow":2,"minecraft:wheat_seeds":7,"minecraft:raw_gold":6,"minecraft:stone_pickaxe":6,"minecraft:iron_ingot":47,"securitycraft:universal_block_reinforcer_lvl1":2,"minecraft:oak_planks":4,"minecraft:iron_sword":2,"ironfurnaces:iron_furnace":1,"minecraft:cooked_porkchop":6,"minecraft:gravel":116,"minecraft:sand":47,"minecraft:dark_oak_log":25,"minecraft:spider_eye":5,"securitycraft:universal_block_remover":3,"minecraft:stone_axe":3,"minecraft:diamond":12,"minecraft:granite":66,"minecraft:golden_apple":2,"securitycraft:keypad":2,"minecraft:melon_seeds":6,"minecraft:coal":1033,"minecraft:diamond_pickaxe":1},"minecraft:killed_by":{"minecraft:wither_skeleton":4,"minecraft:piglin":2,"minecraft:hoglin":4,"minecraft:skeleton":3,"minecraft:blaze":1,"minecraft:zombie":3,"mowziesmobs:foliaath":1}},"DataVersion":2730}