{"stats":{"minecraft:broken":{"vanillaplustools:iron_hammer":1,"minecraft:iron_pickaxe":7},"minecraft:used":{"ironfurnaces:gold_furnace":1,"minecraft:stone_sword":35,"minecraft:iron_shovel":145,"minecraft:flint_and_steel":2,"minecraft:ladder":3,"trashcans:item_trash_can":1,"minecraft:shield":36,"minecraft:iron_sword":249,"securitycraft:keypad_door_item":5,"minecraft:cooked_chicken":3,"minecraft:rotten_flesh":42,"minecraft:iron_chestplate":2,"minecraft:torch":479,"ironchest:diamond_chest":1,"minecraft:dirt":34,"securitycraft:keypad_item":2,"minecraft:nether_bricks":5,"minecraft:axolotl_bucket":8,"ironchest:iron_chest":5,"minecraft:granite":4,"minecraft:obsidian":10,"vanillaplustools:iron_shovel":21,"minecraft:wooden_axe":24,"minecraft:iron_helmet":2,"minecraft:iron_boots":2,"ironfurnaces:iron_furnace":5,"ironchest:obsidian_chest":3,"minecraft:furnace":20,"ironchest:gold_chest":2,"minecraft:cooked_beef":17,"minecraft:cobbled_deepslate":5,"minecraft:iron_leggings":2,"minecraft:cooked_mutton":4,"minecraft:water_bucket":33,"minecraft:diorite":20,"minecraft:stone_pickaxe":124,"minecraft:wooden_pickaxe":19,"securitycraft:keypad_frame":2,"minecraft:sugar_cane":3,"minecraft:crafting_table":11,"securitycraft:universal_block_remover":45,"minecraft:diamond_pickaxe":68,"minecraft:bread":2,"minecraft:melon_slice":2,"minecraft:iron_pickaxe":2393,"minecraft:gravel":16,"minecraft:golden_helmet":1,"minecraft:stone_axe":68,"minecraft:nether_wart_block":2,"vanillaplustools:iron_hammer":470,"minecraft:wooden_sword":5,"minecraft:cobblestone":768,"securitycraft:reinforced_cobbled_deepslate":322,"minecraft:porkchop":5,"minecraft:cooked_porkchop":20,"minecraft:andesite":2,"minecraft:bucket":43,"securitycraft:briefcase":2},"minecraft:mined":{"minecraft:diamond_ore":26,"minecraft:tuff":19,"minecraft:mossy_cobblestone":3,"minecraft:deepslate_diamond_ore":6,"minecraft:jungle_leaves":1,"minecraft:dark_oak_log":67,"minecraft:obsidian":30,"minecraft:nether_bricks":87,"minecraft:granite":92,"minecraft:grass_block":28,"minecraft:crimson_roots":1,"minecraft:redstone_ore":133,"minecraft:furnace":13,"minecraft:iron_ore":507,"minecraft:cobbled_deepslate":2,"minecraft:fire":1,"ironchest:gold_chest":2,"minecraft:andesite":227,"minecraft:deepslate_lapis_ore":5,"minecraft:deepslate_iron_ore":70,"minecraft:rail":2,"ironchest:iron_chest":2,"minecraft:stone":2929,"minecraft:deepslate_redstone_ore":71,"ironfurnaces:iron_furnace":3,"minecraft:crafting_table":8,"minecraft:torch":18,"minecraft:melon":2,"minecraft:chest":7,"minecraft:copper_ore":3,"minecraft:tall_grass":3,"minecraft:cobblestone":82,"minecraft:deepslate_coal_ore":23,"minecraft:deepslate_gold_ore":11,"minecraft:lapis_ore":28,"minecraft:sugar_cane":4,"minecraft:diorite":161,"minecraft:wall_torch":14,"minecraft:nether_wart_block":2,"ironchest:diamond_chest":1,"ironchest:obsidian_chest":1,"minecraft:grass":13,"minecraft:oak_log":12,"minecraft:coal_ore":636,"minecraft:cocoa":1,"minecraft:sand":36,"minecraft:gravel":156,"minecraft:dirt":152,"minecraft:gold_ore":27,"minecraft:oak_leaves":2,"minecraft:deepslate":1458,"minecraft:fern":3},"minecraft:crafted":{"minecraft:wooden_sword":1,"minecraft:oak_planks":16,"ironfurnaces:gold_furnace":1,"vanillaplustools:iron_shovel":1,"minecraft:cooked_chicken":3,"minecraft:furnace":11,"minecraft:stone_button":16,"ironfurnaces:iron_furnace":4,"minecraft:stone":0,"securitycraft:keypad_item":2,"securitycraft:keypad_frame":2,"minecraft:heavy_weighted_pressure_plate":2,"minecraft:cooked_mutton":2,"minecraft:flint_and_steel":2,"minecraft:glass_pane":16,"securitycraft:laser_block":1,"minecraft:glass":20,"vanillaplustools:iron_hammer":2,"minecraft:iron_boots":2,"minecraft:ladder":3,"securitycraft:universal_block_remover":1,"minecraft:stone_pickaxe":1,"minecraft:chest":2,"minecraft:iron_door":3,"minecraft:redstone_block":1,"trashcans:item_trash_can":1,"minecraft:dark_oak_planks":188,"securitycraft:keypad_door_item":2,"minecraft:golden_helmet":1,"minecraft:cooked_beef":0,"ironchest:gold_chest":2,"minecraft:cooked_porkchop":14,"minecraft:crafting_table":3,"minecraft:wooden_pickaxe":1,"minecraft:iron_helmet":2,"minecraft:iron_sword":2,"minecraft:polished_granite":4,"minecraft:gold_block":1,"minecraft:bucket":2,"minecraft:stone_axe":1,"minecraft:air":0,"ironchest:diamond_chest":2,"securitycraft:door_indestructible_iron_item":2,"minecraft:iron_chestplate":2,"minecraft:diamond_pickaxe":1,"minecraft:shield":4,"minecraft:gold_ingot":0,"ironchest:obsidian_chest":2,"minecraft:stick":312,"minecraft:iron_ingot":124,"minecraft:iron_pickaxe":28,"minecraft:wooden_axe":1,"minecraft:stone_sword":1,"minecraft:iron_shovel":10,"minecraft:iron_leggings":2,"minecraft:torch":752,"minecraft:shears":1,"securitycraft:universal_block_reinforcer_lvl1":1,"ironchest:iron_chest":5},"minecraft:killed":{"minecraft:zombified_piglin":1,"minecraft:witch":1,"minecraft:spider":8,"minecraft:skeleton":20,"minecraft:chicken":3,"minecraft:pig":6,"minecraft:zombie_villager":1,"minecraft:bat":1,"minecraft:hoglin":5,"minecraft:creeper":2,"minecraft:sheep":5,"minecraft:zombie":14,"minecraft:cow":1,"minecraft:blaze":2},"minecraft:dropped":{"minecraft:iron_ingot":70,"minecraft:iron_sword":2,"minecraft:wheat_seeds":5,"minecraft:lapis_lazuli":47,"minecraft:golden_helmet":1,"minecraft:cooked_beef":9,"minecraft:oak_log":4,"minecraft:glow_ink_sac":2,"minecraft:crafting_table":1,"minecraft:feather":9,"minecraft:cobblestone":317,"minecraft:leather":9,"minecraft:granite":57,"minecraft:rail":33,"minecraft:golden_apple":2,"minecraft:coal":171,"minecraft:stick":24,"minecraft:dirt":282,"minecraft:diorite":47,"minecraft:torch":18,"minecraft:wooden_axe":1,"minecraft:wooden_sword":1,"minecraft:sand":4,"minecraft:iron_pickaxe":5,"minecraft:string":2,"minecraft:white_wool":2,"minecraft:gold_ingot":8,"minecraft:bone":26,"minecraft:redstone":256,"magistuarmory:rustedchainmail_leggings":1,"minecraft:gravel":53,"minecraft:stone_axe":1,"minecraft:sugar_cane":4,"minecraft:iron_nugget":10,"minecraft:stone_sword":2,"minecraft:cobbled_deepslate":44,"minecraft:tuff":23,"minecraft:raw_iron":10,"magistuarmory:rustedhalfarmor_chestplate":1,"minecraft:rotten_flesh":53,"securitycraft:taser":1,"minecraft:glass_pane":30,"minecraft:flint_and_steel":1,"securitycraft:universal_block_remover":2,"minecraft:shield":1,"minecraft:gunpowder":2,"minecraft:andesite":1,"minecraft:melon_seeds":6,"securitycraft:reinforced_cobbled_deepslate":7,"securitycraft:briefcase":1,"minecraft:glass":19,"minecraft:arrow":34,"minecraft:bow":2,"minecraft:stone_pickaxe":5,"securitycraft:universal_block_reinforcer_lvl1":2,"magistuarmory:rustedchainmail_boots":1,"minecraft:egg":16},"minecraft:custom":{"minecraft:mob_kills":77,"minecraft:interact_with_crafting_table":103,"minecraft:damage_dealt_resisted":71,"minecraft:leave_game":3,"minecraft:time_since_death":65215,"minecraft:climb_one_cm":7935,"minecraft:sprint_one_cm":1333943,"minecraft:walk_one_cm":1130518,"minecraft:damage_blocked_by_shield":2375,"minecraft:drop":150,"minecraft:play_time":430073,"minecraft:sneak_time":4768,"minecraft:deaths":22,"minecraft:walk_under_water_one_cm":33789,"minecraft:jump":5713,"minecraft:walk_on_water_one_cm":115680,"minecraft:total_world_time":430073,"minecraft:interact_with_furnace":171,"minecraft:sleep_in_bed":5,"minecraft:time_since_rest":65241,"minecraft:damage_taken":9163,"minecraft:damage_dealt":14693,"minecraft:swim_one_cm":43245,"minecraft:fly_one_cm":723161,"minecraft:open_chest":179,"minecraft:crouch_one_cm":9161,"minecraft:fall_one_cm":99864},"minecraft:picked_up":{"minecraft:cocoa_beans":3,"minecraft:wheat":2,"minecraft:crafting_table":9,"minecraft:chicken":3,"securitycraft:taser":1,"minecraft:diamond_horse_armor":1,"apples:itemapplewitch":1,"minecraft:music_disc_cat":2,"minecraft:raw_copper":5,"minecraft:string":31,"minecraft:flint_and_steel":2,"minecraft:glass_pane":60,"minecraft:gold_nugget":1,"minecraft:cobbled_deepslate":1468,"minecraft:bucket":1,"minecraft:beef":3,"minecraft:iron_nugget":20,"minecraft:iron_pickaxe":7,"minecraft:melon_slice":8,"minecraft:sugar_cane":20,"minecraft:chest":7,"minecraft:furnace":12,"minecraft:egg":28,"minecraft:golden_helmet":1,"minecraft:stick":3,"minecraft:raw_iron":608,"ironchest:obsidian_chest":1,"minecraft:torch":226,"ironchest:iron_chest":2,"minecraft:porkchop":29,"ironchest:gold_chest":2,"minecraft:diorite":221,"ironchest:diamond_chest":1,"minecraft:redstone":1616,"apples:itemapplecursed":1,"securitycraft:briefcase":1,"minecraft:iron_horse_armor":2,"minecraft:stone_sword":3,"minecraft:arrow":61,"minecraft:rotten_flesh":109,"minecraft:beetroot_seeds":8,"minecraft:nether_bricks":76,"securitycraft:reinforced_cobbled_deepslate":350,"apples:itemapplechain":1,"minecraft:saddle":3,"minecraft:gold_ingot":46,"minecraft:blaze_rod":1,"minecraft:obsidian":38,"minecraft:mutton":8,"securitycraft:keypad_door_item":3,"minecraft:rail":57,"minecraft:white_wool":5,"minecraft:cobblestone":3427,"magistuarmory:rustedchainmail_boots":1,"magistuarmory:rustedhalfarmor_chestplate":1,"minecraft:feather":9,"minecraft:cooked_beef":18,"minecraft:iron_door":2,"minecraft:glow_ink_sac":4,"minecraft:andesite":227,"minecraft:leather":30,"minecraft:flint":24,"minecraft:tuff":60,"minecraft:oak_log":20,"minecraft:nether_wart_block":2,"minecraft:gunpowder":47,"apples:itemapplesteve":2,"minecraft:lapis_lazuli":337,"minecraft:dirt":731,"minecraft:name_tag":2,"minecraft:glass":38,"minecraft:bone":78,"minecraft:bow":2,"minecraft:wheat_seeds":7,"minecraft:raw_gold":38,"minecraft:stone_pickaxe":8,"minecraft:iron_ingot":48,"securitycraft:universal_block_reinforcer_lvl1":4,"minecraft:oak_planks":4,"minecraft:iron_sword":2,"ironfurnaces:iron_furnace":2,"minecraft:cooked_porkchop":6,"minecraft:music_disc_13":1,"minecraft:gravel":234,"minecraft:sand":47,"minecraft:mossy_cobblestone":3,"magistuarmory:rustedchainmail_leggings":2,"minecraft:dark_oak_log":67,"minecraft:spider_eye":6,"securitycraft:universal_block_remover":3,"minecraft:stone_axe":3,"minecraft:diamond":38,"minecraft:granite":127,"minecraft:golden_apple":5,"minecraft:golden_horse_armor":1,"minecraft:bread":2,"securitycraft:keypad":2,"minecraft:melon_seeds":12,"minecraft:coal":1468,"minecraft:diamond_pickaxe":1},"minecraft:killed_by":{"minecraft:zombified_piglin":1,"minecraft:wither_skeleton":4,"minecraft:spider":1,"minecraft:piglin":2,"minecraft:hoglin":4,"minecraft:skeleton":5,"minecraft:blaze":1,"minecraft:zombie":3,"mowziesmobs:foliaath":1}},"DataVersion":2730}