{"stats":{"minecraft:broken":{"vanillaplustools:iron_hammer":2,"minecraft:iron_pickaxe":7},"minecraft:used":{"ironfurnaces:gold_furnace":1,"minecraft:stone_sword":35,"minecraft:iron_shovel":152,"minecraft:flint_and_steel":2,"minecraft:ladder":3,"trashcans:item_trash_can":1,"minecraft:shield":36,"minecraft:iron_sword":254,"minecraft:cooked_chicken":3,"securitycraft:keypad_door_item":5,"minecraft:rotten_flesh":46,"minecraft:iron_chestplate":2,"minecraft:torch":498,"ironchest:diamond_chest":1,"minecraft:dirt":34,"securitycraft:keypad_item":2,"minecraft:nether_bricks":5,"minecraft:axolotl_bucket":8,"ironchest:iron_chest":5,"minecraft:granite":4,"minecraft:obsidian":10,"vanillaplustools:iron_shovel":21,"minecraft:wooden_axe":24,"minecraft:iron_helmet":2,"minecraft:iron_boots":2,"ironfurnaces:iron_furnace":5,"ironchest:obsidian_chest":3,"minecraft:furnace":20,"ironchest:gold_chest":2,"minecraft:cooked_beef":17,"minecraft:cobbled_deepslate":29,"minecraft:iron_leggings":2,"minecraft:cooked_mutton":4,"minecraft:water_bucket":33,"minecraft:diorite":20,"minecraft:stone_pickaxe":124,"minecraft:wooden_pickaxe":19,"securitycraft:keypad_frame":2,"minecraft:sugar_cane":3,"minecraft:crafting_table":11,"securitycraft:universal_block_remover":45,"minecraft:diamond_pickaxe":262,"minecraft:melon_slice":2,"minecraft:bread":2,"minecraft:iron_pickaxe":2393,"minecraft:stone_axe":68,"minecraft:gravel":16,"minecraft:golden_helmet":1,"minecraft:nether_wart_block":2,"minecraft:wooden_sword":5,"minecraft:cobblestone":805,"vanillaplustools:iron_hammer":500,"securitycraft:reinforced_cobbled_deepslate":322,"minecraft:porkchop":5,"minecraft:cooked_porkchop":20,"minecraft:andesite":2,"minecraft:bucket":43,"securitycraft:briefcase":2},"minecraft:mined":{"minecraft:diamond_ore":34,"minecraft:tuff":21,"minecraft:mossy_cobblestone":3,"minecraft:deepslate_diamond_ore":6,"minecraft:jungle_leaves":1,"minecraft:dark_oak_log":67,"minecraft:obsidian":30,"minecraft:nether_bricks":87,"minecraft:granite":92,"minecraft:grass_block":28,"minecraft:crimson_roots":1,"minecraft:redstone_ore":147,"minecraft:furnace":13,"minecraft:iron_ore":523,"minecraft:fire":1,"minecraft:cobbled_deepslate":2,"ironchest:gold_chest":2,"minecraft:andesite":264,"minecraft:deepslate_lapis_ore":8,"minecraft:deepslate_iron_ore":76,"minecraft:rail":2,"ironchest:iron_chest":3,"minecraft:stone":3115,"minecraft:deepslate_redstone_ore":82,"ironfurnaces:iron_furnace":4,"minecraft:crafting_table":8,"minecraft:torch":18,"minecraft:melon":2,"minecraft:chest":7,"minecraft:copper_ore":3,"minecraft:tall_grass":3,"minecraft:cobblestone":82,"minecraft:deepslate_coal_ore":37,"minecraft:deepslate_gold_ore":11,"minecraft:lapis_ore":28,"minecraft:sugar_cane":4,"minecraft:wall_torch":14,"minecraft:diorite":191,"minecraft:nether_wart_block":2,"ironchest:diamond_chest":1,"ironchest:obsidian_chest":1,"minecraft:grass":13,"minecraft:coal_ore":710,"minecraft:oak_log":12,"minecraft:cocoa":1,"minecraft:gravel":156,"minecraft:sand":36,"minecraft:dirt":160,"minecraft:gold_ore":42,"minecraft:deepslate":1494,"minecraft:oak_leaves":2,"minecraft:fern":3},"minecraft:crafted":{"minecraft:wooden_sword":1,"minecraft:oak_planks":16,"ironfurnaces:gold_furnace":1,"vanillaplustools:iron_shovel":1,"minecraft:cooked_chicken":3,"minecraft:furnace":11,"minecraft:stone_button":16,"ironfurnaces:iron_furnace":4,"minecraft:stone":0,"securitycraft:keypad_item":2,"securitycraft:keypad_frame":2,"minecraft:heavy_weighted_pressure_plate":2,"minecraft:cooked_mutton":2,"minecraft:glass_pane":16,"minecraft:flint_and_steel":2,"securitycraft:laser_block":1,"minecraft:glass":20,"vanillaplustools:iron_hammer":2,"minecraft:iron_boots":2,"securitycraft:universal_block_remover":1,"minecraft:ladder":3,"minecraft:stone_pickaxe":1,"minecraft:chest":2,"minecraft:iron_door":3,"minecraft:redstone_block":106,"trashcans:item_trash_can":1,"minecraft:dark_oak_planks":188,"securitycraft:keypad_door_item":2,"minecraft:golden_helmet":1,"minecraft:cooked_beef":0,"minecraft:coal_block":47,"ironchest:gold_chest":2,"minecraft:cooked_porkchop":14,"minecraft:crafting_table":3,"minecraft:wooden_pickaxe":1,"minecraft:iron_helmet":2,"minecraft:iron_sword":2,"minecraft:polished_granite":4,"minecraft:gold_block":1,"minecraft:bucket":2,"minecraft:stone_axe":1,"minecraft:air":0,"ironchest:diamond_chest":2,"securitycraft:door_indestructible_iron_item":2,"minecraft:iron_chestplate":2,"minecraft:diamond_pickaxe":1,"minecraft:shield":4,"minecraft:stick":312,"ironchest:obsidian_chest":2,"minecraft:iron_ingot":199,"minecraft:iron_pickaxe":28,"minecraft:wooden_axe":1,"minecraft:stone_sword":1,"minecraft:iron_block":33,"minecraft:iron_shovel":10,"minecraft:gold_ingot":15,"minecraft:iron_leggings":2,"minecraft:torch":752,"minecraft:shears":1,"minecraft:lapis_block":23,"securitycraft:universal_block_reinforcer_lvl1":1,"ironchest:iron_chest":5},"minecraft:killed":{"minecraft:zombified_piglin":1,"minecraft:witch":1,"minecraft:spider":8,"minecraft:skeleton":21,"minecraft:chicken":3,"minecraft:pig":6,"minecraft:zombie_villager":1,"minecraft:bat":1,"minecraft:hoglin":5,"minecraft:creeper":2,"minecraft:sheep":5,"minecraft:zombie":14,"minecraft:blaze":2,"minecraft:cow":1},"minecraft:dropped":{"minecraft:iron_ingot":70,"minecraft:iron_sword":2,"minecraft:wheat_seeds":5,"minecraft:lapis_lazuli":47,"minecraft:golden_helmet":1,"minecraft:cooked_beef":9,"minecraft:oak_log":4,"minecraft:glow_ink_sac":2,"minecraft:crafting_table":1,"minecraft:feather":9,"minecraft:cobblestone":317,"minecraft:leather":9,"minecraft:granite":63,"minecraft:rail":33,"minecraft:coal":171,"minecraft:golden_apple":2,"minecraft:stick":24,"minecraft:dirt":305,"minecraft:diorite":47,"minecraft:torch":18,"minecraft:wooden_axe":1,"minecraft:wooden_sword":1,"minecraft:sand":4,"minecraft:iron_pickaxe":5,"minecraft:string":2,"minecraft:white_wool":2,"minecraft:redstone":256,"minecraft:bone":26,"minecraft:gold_ingot":8,"magistuarmory:rustedchainmail_leggings":1,"minecraft:gravel":53,"minecraft:stone_axe":1,"minecraft:sugar_cane":4,"minecraft:iron_nugget":10,"minecraft:cobbled_deepslate":44,"minecraft:stone_sword":2,"minecraft:tuff":23,"minecraft:raw_iron":10,"minecraft:rotten_flesh":53,"magistuarmory:rustedhalfarmor_chestplate":1,"securitycraft:taser":1,"minecraft:glass_pane":30,"minecraft:flint_and_steel":1,"securitycraft:universal_block_remover":2,"minecraft:shield":1,"minecraft:gunpowder":2,"minecraft:andesite":1,"minecraft:melon_seeds":6,"securitycraft:reinforced_cobbled_deepslate":7,"securitycraft:briefcase":1,"minecraft:arrow":34,"minecraft:bow":2,"minecraft:glass":19,"minecraft:stone_pickaxe":5,"securitycraft:universal_block_reinforcer_lvl1":2,"magistuarmory:rustedchainmail_boots":1,"minecraft:egg":16},"minecraft:custom":{"minecraft:mob_kills":78,"minecraft:interact_with_crafting_table":117,"minecraft:damage_dealt_resisted":71,"minecraft:leave_game":4,"minecraft:time_since_death":100931,"minecraft:climb_one_cm":7935,"minecraft:sprint_one_cm":1383998,"minecraft:walk_one_cm":1175810,"minecraft:damage_blocked_by_shield":2375,"minecraft:drop":152,"minecraft:play_time":465789,"minecraft:sneak_time":4992,"minecraft:deaths":22,"minecraft:walk_under_water_one_cm":33789,"minecraft:jump":5879,"minecraft:walk_on_water_one_cm":115680,"minecraft:total_world_time":465789,"minecraft:interact_with_furnace":205,"minecraft:sleep_in_bed":5,"minecraft:time_since_rest":100957,"minecraft:damage_taken":9192,"minecraft:damage_dealt":14892,"minecraft:swim_one_cm":43245,"minecraft:open_chest":263,"minecraft:fly_one_cm":735754,"minecraft:crouch_one_cm":9541,"minecraft:fall_one_cm":100888},"minecraft:picked_up":{"minecraft:cocoa_beans":3,"minecraft:crafting_table":9,"minecraft:wheat":2,"minecraft:chicken":3,"securitycraft:taser":1,"minecraft:diamond_horse_armor":2,"minecraft:music_disc_cat":4,"minecraft:string":57,"apples:itemapplewitch":2,"minecraft:raw_copper":5,"minecraft:flint_and_steel":2,"minecraft:glass_pane":60,"minecraft:gold_nugget":1,"minecraft:cobbled_deepslate":1504,"minecraft:bucket":2,"minecraft:beef":3,"minecraft:iron_pickaxe":7,"minecraft:iron_nugget":20,"minecraft:sugar_cane":20,"minecraft:melon_slice":8,"minecraft:chest":10,"minecraft:egg":28,"minecraft:furnace":12,"minecraft:golden_helmet":1,"minecraft:raw_iron":630,"minecraft:stick":3,"ironchest:obsidian_chest":1,"minecraft:torch":226,"ironchest:iron_chest":3,"minecraft:porkchop":29,"ironchest:gold_chest":2,"minecraft:diorite":251,"ironchest:diamond_chest":1,"minecraft:redstone":1730,"apples:itemapplecursed":2,"securitycraft:briefcase":1,"minecraft:iron_horse_armor":2,"minecraft:stone_sword":3,"minecraft:arrow":67,"minecraft:rotten_flesh":109,"minecraft:beetroot_seeds":8,"minecraft:nether_bricks":76,"securitycraft:reinforced_cobbled_deepslate":350,"apples:itemapplechain":2,"minecraft:gold_ingot":46,"minecraft:saddle":5,"minecraft:blaze_rod":1,"minecraft:mutton":8,"minecraft:obsidian":38,"securitycraft:keypad_door_item":3,"minecraft:rail":57,"minecraft:white_wool":5,"minecraft:cobblestone":3613,"minecraft:feather":9,"magistuarmory:rustedhalfarmor_chestplate":1,"minecraft:cooked_beef":18,"magistuarmory:rustedchainmail_boots":1,"minecraft:iron_door":2,"minecraft:glow_ink_sac":4,"minecraft:andesite":264,"minecraft:leather":30,"minecraft:flint":24,"minecraft:tuff":62,"minecraft:oak_log":20,"minecraft:nether_wart_block":2,"minecraft:gunpowder":47,"apples:itemapplesteve":4,"minecraft:lapis_lazuli":360,"minecraft:dirt":747,"minecraft:name_tag":4,"minecraft:glass":38,"minecraft:bone":98,"minecraft:bow":2,"minecraft:wheat_seeds":7,"minecraft:raw_gold":53,"minecraft:iron_ingot":48,"minecraft:stone_pickaxe":8,"securitycraft:universal_block_reinforcer_lvl1":4,"ironfurnaces:iron_furnace":3,"minecraft:oak_planks":4,"minecraft:iron_sword":2,"minecraft:cooked_porkchop":6,"minecraft:music_disc_13":2,"minecraft:gravel":234,"minecraft:sand":47,"magistuarmory:rustedchainmail_leggings":2,"minecraft:dark_oak_log":67,"minecraft:spider_eye":6,"minecraft:mossy_cobblestone":3,"securitycraft:universal_block_remover":3,"minecraft:stone_axe":3,"minecraft:diamond":46,"minecraft:granite":127,"minecraft:golden_apple":6,"minecraft:golden_horse_armor":1,"minecraft:bread":2,"securitycraft:keypad":2,"minecraft:melon_seeds":12,"minecraft:coal":1559,"minecraft:diamond_pickaxe":1},"minecraft:killed_by":{"minecraft:wither_skeleton":4,"minecraft:zombified_piglin":1,"minecraft:spider":1,"minecraft:piglin":2,"minecraft:hoglin":4,"minecraft:skeleton":5,"minecraft:blaze":1,"minecraft:zombie":3,"mowziesmobs:foliaath":1}},"DataVersion":2730}