{"stats":{"minecraft:picked_up":{"minecraft:crafting_table":1,"securitycraft:keypad_item":4,"securitycraft:taser":1,"minecraft:cobbled_deepslate":70,"minecraft:beef":17,"minecraft:iron_pickaxe":2,"minecraft:melon_slice":60,"minecraft:sugar_cane":27,"minecraft:egg":2,"minecraft:furnace":2,"minecraft:raw_iron":49,"minecraft:torch":12,"minecraft:porkchop":2,"minecraft:diorite":25,"minecraft:redstone":262,"securitycraft:briefcase":1,"minecraft:arrow":2,"minecraft:rotten_flesh":12,"minecraft:mutton":5,"minecraft:white_wool":3,"minecraft:cobblestone":180,"minecraft:glow_ink_sac":1,"minecraft:andesite":4,"minecraft:leather":8,"minecraft:tuff":18,"minecraft:oak_log":6,"securitycraft:keypad_chest":1,"apples:itemapplesteve":3,"minecraft:dirt":13,"minecraft:lapis_lazuli":60,"minecraft:bone":2,"minecraft:bow":1,"minecraft:wheat_seeds":42,"minecraft:raw_gold":7,"minecraft:iron_ingot":13,"minecraft:glowstone_dust":4,"minecraft:dandelion":1,"minecraft:gravel":1,"minecraft:sand":2,"minecraft:dark_oak_log":6,"minecraft:spider_eye":1,"securitycraft:universal_block_remover":1,"minecraft:diamond":5,"minecraft:granite":12,"minecraft:coal":158,"minecraft:black_wool":1,"minecraft:netherrack":158,"minecraft:diamond_pickaxe":1},"minecraft:killed_by":{"minecraft:player":5,"minecraft:skeleton":1},"minecraft:custom":{"minecraft:mob_kills":32,"minecraft:interact_with_crafting_table":27,"minecraft:leave_game":1,"minecraft:time_since_death":0,"minecraft:climb_one_cm":2040,"minecraft:sprint_one_cm":198847,"minecraft:walk_one_cm":396083,"minecraft:drop":36,"minecraft:play_time":159902,"minecraft:deaths":6,"minecraft:sneak_time":3503,"minecraft:walk_under_water_one_cm":6902,"minecraft:jump":1649,"minecraft:walk_on_water_one_cm":26260,"minecraft:total_world_time":159902,"minecraft:interact_with_furnace":39,"minecraft:sleep_in_bed":2,"minecraft:time_since_rest":37,"minecraft:damage_taken":3051,"minecraft:damage_dealt":5543,"minecraft:player_kills":1,"minecraft:fly_one_cm":142405,"minecraft:open_chest":71,"minecraft:crouch_one_cm":7134,"minecraft:fall_one_cm":25803},"minecraft:broken":{"minecraft:wooden_pickaxe":1,"minecraft:stone_axe":1,"minecraft:iron_pickaxe":1,"minecraft:wooden_axe":1},"minecraft:dropped":{"minecraft:wheat_seeds":1,"minecraft:gold_ingot":2,"minecraft:cobbled_deepslate":13,"minecraft:tuff":9,"securitycraft:taser":1,"minecraft:diamond_pickaxe":1,"minecraft:andesite":4,"securitycraft:briefcase":1,"minecraft:black_wool":1,"apples:itemapplesteve":3,"minecraft:egg":1},"minecraft:used":{"minecraft:stone_sword":33,"minecraft:chest":2,"minecraft:stone_hoe":82,"minecraft:rotten_flesh":3,"minecraft:netherrack":98,"minecraft:torch":36,"minecraft:dirt":13,"securitycraft:keypad_item":5,"minecraft:granite":3,"minecraft:wooden_axe":30,"apples:itemapplewitch":1,"minecraft:furnace":4,"minecraft:egg":1,"minecraft:wheat_seeds":41,"minecraft:cooked_mutton":5,"minecraft:water_bucket":2,"minecraft:diorite":18,"tolaserblade:laser_blade":15,"minecraft:stone_pickaxe":22,"minecraft:oak_planks":1,"minecraft:wooden_pickaxe":59,"minecraft:sugar_cane":4,"minecraft:sand":1,"minecraft:crafting_table":1,"securitycraft:universal_block_remover":2,"minecraft:white_bed":1,"minecraft:diamond_pickaxe":413,"minecraft:melon_slice":60,"minecraft:iron_pickaxe":251,"minecraft:stone_axe":122,"minecraft:cobblestone":20,"minecraft:cooked_porkchop":2,"minecraft:bucket":1,"securitycraft:briefcase":3,"minecraft:dandelion":1},"minecraft:killed":{"minecraft:zombified_piglin":1,"minecraft:spider":2,"minecraft:skeleton":3,"minecraft:pig":1,"minecraft:creeper":1,"minecraft:sheep":3,"minecraft:zombie":12,"minecraft:cow":9},"minecraft:mined":{"minecraft:diamond_ore":4,"minecraft:tuff":18,"minecraft:dark_oak_log":6,"minecraft:granite":12,"minecraft:grass_block":10,"minecraft:weeping_vines":1,"minecraft:redstone_ore":35,"minecraft:glowstone":1,"minecraft:furnace":2,"minecraft:iron_ore":39,"minecraft:andesite":4,"minecraft:deepslate_lapis_ore":1,"minecraft:stone":172,"minecraft:deepslate_redstone_ore":23,"minecraft:crimson_nylium":1,"minecraft:dandelion":1,"minecraft:crafting_table":1,"minecraft:torch":5,"minecraft:melon":14,"minecraft:tall_grass":28,"minecraft:cobblestone":6,"minecraft:deepslate_coal_ore":30,"minecraft:lapis_ore":4,"minecraft:deepslate_gold_ore":6,"minecraft:sugar_cane":14,"minecraft:diorite":25,"minecraft:wall_torch":4,"minecraft:grass":294,"minecraft:oak_log":6,"minecraft:coal_ore":128,"minecraft:sand":1,"minecraft:dirt":2,"minecraft:netherrack":160,"minecraft:gold_ore":1,"minecraft:oak_leaves":1,"minecraft:deepslate":70},"minecraft:crafted":{"minecraft:oak_planks":32,"minecraft:iron_nugget":9,"tolaserblade:lb_brand_new_2":1,"minecraft:dark_oak_wood":3,"minecraft:furnace":2,"minecraft:stone_button":8,"minecraft:stone":8,"securitycraft:keypad_item":1,"minecraft:heavy_weighted_pressure_plate":1,"minecraft:cooked_mutton":5,"minecraft:iron_boots":1,"minecraft:stone_pickaxe":1,"minecraft:chest":2,"securitycraft:briefcase":1,"minecraft:dark_oak_planks":20,"minecraft:stone_hoe":2,"minecraft:cooked_porkchop":2,"minecraft:crafting_table":1,"minecraft:wooden_pickaxe":1,"minecraft:iron_helmet":1,"securitycraft:taser":1,"minecraft:stone_axe":2,"minecraft:iron_chestplate":1,"minecraft:diamond_pickaxe":1,"minecraft:stick":28,"minecraft:iron_ingot":46,"minecraft:iron_pickaxe":3,"minecraft:wooden_axe":1,"minecraft:stone_sword":1,"minecraft:iron_leggings":1,"minecraft:gold_ingot":9,"minecraft:white_bed":1}},"DataVersion":2730}