{"stats":{"minecraft:picked_up":{"minecraft:crafting_table":1,"minecraft:wheat":6,"securitycraft:keypad_item":4,"minecraft:chicken":2,"securitycraft:taser":1,"mowziesmobs:glowing_jelly":2,"minecraft:cobbled_deepslate":326,"minecraft:beef":17,"minecraft:iron_pickaxe":2,"minecraft:melon_slice":67,"minecraft:sugar_cane":27,"minecraft:egg":3,"minecraft:furnace":2,"minecraft:raw_iron":129,"minecraft:torch":12,"minecraft:porkchop":5,"minecraft:diorite":39,"minecraft:redstone":314,"securitycraft:briefcase":1,"minecraft:arrow":4,"minecraft:rotten_flesh":12,"minecraft:mutton":5,"minecraft:white_wool":3,"minecraft:cobblestone":1003,"minecraft:feather":2,"minecraft:glow_ink_sac":1,"minecraft:andesite":67,"minecraft:leather":8,"minecraft:tuff":29,"minecraft:oak_log":7,"securitycraft:keypad_chest":1,"apples:itemapplesteve":3,"minecraft:dirt":13,"minecraft:lapis_lazuli":92,"minecraft:bone":2,"minecraft:bow":1,"minecraft:wheat_seeds":95,"minecraft:raw_gold":7,"minecraft:iron_ingot":13,"minecraft:glowstone_dust":4,"minecraft:dandelion":1,"minecraft:gravel":1,"minecraft:sand":2,"minecraft:white_bed":1,"minecraft:dark_oak_log":6,"minecraft:spider_eye":1,"securitycraft:universal_block_remover":1,"minecraft:diamond":5,"minecraft:granite":55,"minecraft:coal":170,"minecraft:black_wool":1,"minecraft:netherrack":167,"minecraft:diamond_pickaxe":3},"minecraft:killed_by":{"minecraft:player":7,"minecraft:skeleton":1,"mowziesmobs:foliaath":1},"minecraft:custom":{"minecraft:mob_kills":38,"minecraft:interact_with_crafting_table":31,"minecraft:leave_game":2,"minecraft:time_since_death":323,"minecraft:climb_one_cm":4501,"minecraft:sprint_one_cm":258799,"minecraft:walk_one_cm":477772,"minecraft:drop":40,"minecraft:play_time":188513,"minecraft:deaths":9,"minecraft:sneak_time":3517,"minecraft:walk_under_water_one_cm":8035,"minecraft:jump":2172,"minecraft:walk_on_water_one_cm":28061,"minecraft:total_world_time":188513,"minecraft:interact_with_furnace":42,"minecraft:sleep_in_bed":2,"minecraft:time_since_rest":420,"minecraft:damage_taken":3829,"minecraft:damage_dealt":6225,"minecraft:swim_one_cm":538,"minecraft:player_kills":1,"minecraft:fly_one_cm":197465,"minecraft:open_chest":88,"minecraft:crouch_one_cm":7134,"minecraft:fall_one_cm":37304},"minecraft:broken":{"minecraft:wooden_pickaxe":1,"minecraft:stone_axe":1,"minecraft:iron_pickaxe":1,"minecraft:wooden_axe":1},"minecraft:dropped":{"minecraft:wheat_seeds":1,"minecraft:gold_ingot":2,"minecraft:cobbled_deepslate":13,"minecraft:tuff":9,"securitycraft:taser":1,"mowziesmobs:glowing_jelly":2,"minecraft:diamond_pickaxe":3,"minecraft:andesite":4,"securitycraft:briefcase":1,"minecraft:black_wool":1,"apples:itemapplesteve":3,"minecraft:egg":1},"minecraft:used":{"minecraft:stone_sword":33,"minecraft:chest":2,"minecraft:stone_hoe":83,"minecraft:rotten_flesh":3,"minecraft:netherrack":120,"minecraft:torch":47,"minecraft:dirt":13,"securitycraft:keypad_item":5,"minecraft:granite":3,"minecraft:wooden_axe":30,"apples:itemapplewitch":1,"minecraft:furnace":4,"minecraft:egg":1,"minecraft:wheat_seeds":94,"minecraft:cooked_mutton":5,"minecraft:water_bucket":3,"minecraft:diorite":18,"tolaserblade:laser_blade":31,"minecraft:stone_pickaxe":22,"minecraft:oak_planks":1,"minecraft:wooden_pickaxe":59,"minecraft:sugar_cane":4,"minecraft:sand":1,"minecraft:crafting_table":1,"securitycraft:universal_block_remover":2,"minecraft:white_bed":2,"minecraft:diamond_pickaxe":422,"minecraft:chicken":2,"minecraft:melon_slice":65,"minecraft:iron_pickaxe":251,"minecraft:stone_axe":122,"minecraft:cobblestone":20,"vanillaplustools:iron_hammer":167,"minecraft:cooked_porkchop":2,"minecraft:bucket":3,"securitycraft:briefcase":4,"minecraft:dandelion":1},"minecraft:killed":{"minecraft:zombified_piglin":1,"minecraft:spider":2,"minecraft:skeleton":4,"minecraft:chicken":2,"mowziesmobs:foliaath":1,"minecraft:pig":2,"minecraft:creeper":1,"mowziesmobs:lantern":1,"minecraft:sheep":3,"minecraft:zombie":12,"minecraft:cow":9},"minecraft:mined":{"minecraft:diamond_ore":4,"minecraft:tuff":37,"minecraft:white_bed":1,"minecraft:dark_oak_log":7,"minecraft:granite":56,"minecraft:grass_block":10,"minecraft:weeping_vines":1,"minecraft:redstone_ore":43,"minecraft:glowstone":1,"minecraft:furnace":2,"minecraft:iron_ore":117,"minecraft:andesite":67,"minecraft:deepslate_lapis_ore":1,"minecraft:deepslate_iron_ore":2,"minecraft:stone":1052,"minecraft:deepslate_redstone_ore":28,"minecraft:crimson_nylium":1,"minecraft:dandelion":1,"minecraft:crafting_table":1,"minecraft:torch":5,"minecraft:melon":15,"minecraft:tall_grass":28,"minecraft:cobblestone":6,"minecraft:deepslate_coal_ore":37,"minecraft:lapis_ore":10,"minecraft:deepslate_gold_ore":6,"minecraft:sugar_cane":14,"minecraft:diorite":39,"minecraft:wall_torch":4,"minecraft:wheat":41,"minecraft:grass":295,"minecraft:oak_log":7,"minecraft:coal_ore":133,"minecraft:sand":1,"minecraft:dirt":2,"minecraft:netherrack":169,"minecraft:gold_ore":1,"minecraft:oak_leaves":2,"minecraft:deepslate":326},"minecraft:crafted":{"minecraft:oak_planks":32,"minecraft:iron_nugget":9,"tolaserblade:lb_brand_new_2":1,"minecraft:dark_oak_wood":3,"minecraft:furnace":2,"minecraft:stone_button":8,"minecraft:stone":8,"securitycraft:keypad_item":1,"minecraft:heavy_weighted_pressure_plate":1,"minecraft:cooked_mutton":5,"vanillaplustools:iron_hammer":1,"minecraft:iron_boots":1,"minecraft:stone_pickaxe":1,"minecraft:chest":2,"securitycraft:briefcase":1,"minecraft:dark_oak_planks":20,"minecraft:stone_hoe":2,"minecraft:cooked_porkchop":2,"minecraft:crafting_table":1,"minecraft:wooden_pickaxe":1,"minecraft:iron_helmet":1,"securitycraft:taser":1,"minecraft:stone_axe":2,"minecraft:iron_chestplate":1,"minecraft:diamond_pickaxe":1,"minecraft:stick":44,"minecraft:iron_ingot":64,"minecraft:iron_pickaxe":10,"minecraft:wooden_axe":1,"minecraft:stone_sword":1,"minecraft:iron_leggings":1,"minecraft:gold_ingot":9,"minecraft:white_bed":1}},"DataVersion":2730}