{"stats":{"minecraft:custom":{"minecraft:interact_with_furnace":32,"minecraft:mob_kills":30,"minecraft:interact_with_crafting_table":25,"minecraft:leave_game":1,"minecraft:time_since_death":114307,"minecraft:sleep_in_bed":2,"minecraft:climb_one_cm":1790,"minecraft:time_since_rest":32858,"minecraft:sprint_one_cm":167062,"minecraft:damage_taken":1684,"minecraft:walk_one_cm":306924,"minecraft:drop":33,"minecraft:damage_dealt":4675,"minecraft:fly_one_cm":123817,"minecraft:open_chest":40,"minecraft:crouch_one_cm":1308,"minecraft:play_time":130690,"minecraft:deaths":1,"minecraft:sneak_time":958,"minecraft:walk_under_water_one_cm":6902,"minecraft:jump":1393,"minecraft:walk_on_water_one_cm":25487,"minecraft:total_world_time":130690,"minecraft:fall_one_cm":24009},"minecraft:dropped":{"minecraft:wheat_seeds":1,"minecraft:cobbled_deepslate":13,"minecraft:tuff":9,"securitycraft:taser":1,"minecraft:diamond_pickaxe":1,"minecraft:andesite":4,"securitycraft:briefcase":1,"minecraft:black_wool":1,"minecraft:gold_ingot":2,"minecraft:egg":1},"minecraft:picked_up":{"minecraft:crafting_table":1,"securitycraft:keypad_item":4,"minecraft:glow_ink_sac":1,"minecraft:andesite":4,"minecraft:leather":8,"securitycraft:taser":1,"minecraft:tuff":18,"minecraft:oak_log":6,"securitycraft:keypad_chest":1,"minecraft:lapis_lazuli":60,"minecraft:dirt":2,"minecraft:bone":2,"minecraft:bow":1,"minecraft:wheat_seeds":38,"minecraft:cobbled_deepslate":70,"minecraft:raw_gold":7,"minecraft:iron_ingot":12,"minecraft:beef":17,"minecraft:iron_pickaxe":2,"minecraft:melon_slice":60,"minecraft:furnace":2,"minecraft:egg":2,"minecraft:raw_iron":49,"minecraft:torch":10,"minecraft:dandelion":1,"minecraft:gravel":1,"minecraft:porkchop":2,"minecraft:sand":2,"minecraft:diorite":25,"securitycraft:briefcase":1,"minecraft:redstone":262,"minecraft:dark_oak_log":6,"minecraft:spider_eye":1,"securitycraft:universal_block_remover":1,"minecraft:arrow":2,"minecraft:rotten_flesh":12,"minecraft:diamond":5,"minecraft:granite":12,"minecraft:black_wool":1,"minecraft:mutton":5,"minecraft:coal":158,"minecraft:white_wool":3,"minecraft:cobblestone":178,"minecraft:diamond_pickaxe":1},"minecraft:mined":{"minecraft:deepslate_redstone_ore":23,"minecraft:diamond_ore":4,"minecraft:tuff":18,"minecraft:dark_oak_log":6,"minecraft:dandelion":1,"minecraft:crafting_table":1,"minecraft:torch":3,"minecraft:granite":12,"minecraft:melon":14,"minecraft:tall_grass":27,"minecraft:cobblestone":6,"minecraft:deepslate_coal_ore":30,"minecraft:lapis_ore":4,"minecraft:deepslate_gold_ore":6,"minecraft:diorite":25,"minecraft:wall_torch":4,"minecraft:redstone_ore":35,"minecraft:furnace":2,"minecraft:iron_ore":39,"minecraft:andesite":4,"minecraft:deepslate_lapis_ore":1,"minecraft:grass":284,"minecraft:oak_log":6,"minecraft:coal_ore":128,"minecraft:sand":1,"minecraft:dirt":1,"minecraft:stone":172,"minecraft:gold_ore":1,"minecraft:deepslate":70,"minecraft:oak_leaves":1},"minecraft:crafted":{"minecraft:oak_planks":32,"minecraft:cooked_porkchop":2,"minecraft:iron_nugget":9,"minecraft:crafting_table":1,"minecraft:dark_oak_wood":3,"minecraft:wooden_pickaxe":1,"minecraft:iron_helmet":1,"minecraft:stone_button":8,"minecraft:furnace":2,"securitycraft:taser":1,"minecraft:stone":8,"securitycraft:keypad_item":1,"minecraft:stone_axe":2,"minecraft:heavy_weighted_pressure_plate":1,"minecraft:cooked_mutton":5,"minecraft:diamond_pickaxe":1,"minecraft:iron_boots":1,"minecraft:iron_chestplate":1,"minecraft:stick":28,"securitycraft:briefcase":1,"minecraft:iron_ingot":37,"minecraft:iron_pickaxe":3,"minecraft:stone_pickaxe":1,"minecraft:wooden_axe":1,"minecraft:stone_sword":1,"minecraft:chest":2,"minecraft:gold_ingot":9,"minecraft:iron_leggings":1,"minecraft:white_bed":1,"xplosives:grenade":1,"minecraft:dark_oak_planks":20,"minecraft:stone_hoe":2},"minecraft:broken":{"minecraft:stone_axe":1,"minecraft:iron_pickaxe":1,"minecraft:wooden_axe":1,"minecraft:wooden_pickaxe":1},"minecraft:killed_by":{"minecraft:skeleton":1},"minecraft:used":{"minecraft:cooked_mutton":5,"minecraft:diorite":18,"minecraft:stone_sword":19,"minecraft:stone_pickaxe":22,"minecraft:oak_planks":1,"minecraft:chest":2,"minecraft:wooden_pickaxe":59,"minecraft:rotten_flesh":3,"xplosives:grenade":1,"minecraft:torch":36,"minecraft:dirt":2,"minecraft:sand":1,"securitycraft:keypad_item":5,"minecraft:crafting_table":1,"securitycraft:universal_block_remover":2,"minecraft:white_bed":1,"minecraft:granite":3,"minecraft:wooden_axe":30,"minecraft:diamond_pickaxe":250,"minecraft:melon_slice":60,"minecraft:iron_pickaxe":251,"minecraft:stone_axe":122,"minecraft:cobblestone":20,"minecraft:furnace":4,"minecraft:cooked_porkchop":2,"securitycraft:briefcase":3,"minecraft:egg":1,"minecraft:dandelion":1},"minecraft:killed":{"minecraft:pig":1,"minecraft:spider":2,"minecraft:sheep":3,"minecraft:skeleton":3,"minecraft:zombie":12,"minecraft:cow":9}},"DataVersion":2730}