{"stats":{"minecraft:custom":{"minecraft:interact_with_furnace":5,"minecraft:mob_kills":18,"minecraft:interact_with_crafting_table":11,"minecraft:leave_game":1,"minecraft:time_since_death":171,"minecraft:sleep_in_bed":2,"minecraft:climb_one_cm":614,"minecraft:time_since_rest":221,"minecraft:sprint_one_cm":69194,"minecraft:damage_taken":1377,"minecraft:walk_one_cm":161811,"minecraft:drop":6,"minecraft:damage_dealt":1734,"minecraft:fly_one_cm":61610,"minecraft:open_chest":2,"minecraft:crouch_one_cm":1940,"minecraft:play_time":64676,"minecraft:deaths":4,"minecraft:sneak_time":544,"minecraft:jump":660,"minecraft:walk_on_water_one_cm":746,"minecraft:total_world_time":64676,"minecraft:fall_one_cm":10807},"minecraft:dropped":{"minecraft:rotten_flesh":1,"minecraft:flint":3,"minecraft:torch":2,"minecraft:wooden_axe":1,"minecraft:brown_wool":1,"minecraft:wooden_sword":1},"minecraft:picked_up":{"minecraft:wooden_axe":1,"minecraft:crafting_table":3,"minecraft:andesite":15,"minecraft:brown_wool":1,"minecraft:oak_log":7,"minecraft:string":2,"minecraft:dirt":25,"minecraft:wooden_sword":1,"minecraft:bow":1,"minecraft:wheat_seeds":4,"minecraft:beef":2,"minecraft:light_gray_wool":1,"minecraft:furnace":1,"minecraft:raw_iron":17,"minecraft:porkchop":13,"minecraft:diorite":10,"minecraft:white_bed":1,"minecraft:dark_oak_log":6,"minecraft:spider_eye":1,"minecraft:arrow":2,"minecraft:rotten_flesh":1,"minecraft:mutton":16,"minecraft:coal":54,"minecraft:white_wool":9,"minecraft:cobblestone":211},"minecraft:mined":{"minecraft:white_bed":1,"minecraft:dark_oak_log":6,"minecraft:crafting_table":4,"minecraft:grass_block":5,"minecraft:tall_grass":3,"minecraft:cobblestone":3,"minecraft:diorite":11,"minecraft:furnace":1,"minecraft:iron_ore":17,"minecraft:andesite":15,"minecraft:grass":18,"minecraft:coal_ore":54,"minecraft:oak_log":7,"minecraft:vine":3,"minecraft:dirt":8,"minecraft:stone":222},"minecraft:crafted":{"minecraft:wooden_sword":1,"minecraft:oak_planks":28,"minecraft:stone_shovel":1,"minecraft:crafting_table":2,"minecraft:wooden_pickaxe":1,"minecraft:furnace":1,"minecraft:bucket":1,"minecraft:stone_axe":1,"minecraft:stick":24,"minecraft:iron_ingot":18,"minecraft:iron_pickaxe":1,"minecraft:stone_pickaxe":2,"minecraft:stone_sword":1,"minecraft:white_bed":1,"minecraft:dark_oak_planks":24,"minecraft:torch":4},"minecraft:broken":{"minecraft:stone_pickaxe":2},"minecraft:killed_by":{"minecraft:player":1,"minecraft:skeleton":1,"minecraft:zombie":2},"minecraft:used":{"minecraft:stone_sword":71,"minecraft:stone_pickaxe":262,"minecraft:stone_shovel":3,"minecraft:wooden_pickaxe":33,"minecraft:crafting_table":4,"minecraft:white_bed":2,"minecraft:iron_pickaxe":35,"minecraft:wooden_sword":2,"minecraft:stone_axe":9,"minecraft:cobblestone":25,"minecraft:golden_carrot":2,"minecraft:furnace":1},"minecraft:killed":{"minecraft:pig":6,"minecraft:spider":1,"minecraft:sheep":9,"minecraft:cow":1}},"DataVersion":2730}